{
	"file_path": "C:\\Users\\chupi\\AppData\\Local\\Packages\\Microsoft.MinecraftUWP_8wekyb3d8bbwe\\LocalState\\games\\com.mojang\\development_behavior_packs\\Your Doors BP\\blocks\\glass_door_double.json",
	"file_type": "block",
	"format_version": 1,
	"file_uuid": "266841fe_9a33_4ac2_97c7_1d5d51665efb",
	"file_version": 230,
	"cache_content": {
		"children": [
			{
				"data": "1.16.0",
				"key": "format_version"
			},
			{
				"open": {
					"format_version": "1.16.0",
					"minecraft:block": {
						"description": {
							"identifier": "yd:glass_door_double",
							"is_experimental": true,
							"properties": {
								"decor:face": [
									0,
									1,
									2,
									3
								],
								"door:state": [
									false,
									true
								],
								"door:double": [
									false,
									true
								]
							}
						},
						"components": {
							"minecraft:geometry": "geometry.door_closed",
							"minecraft:material_instances": {
								"*": {
									"texture": "yd_glass_door",
									"render_method": "blend",
									"ambient_occlusion": false,
									"face_dimming": true
								}
							},
							"minecraft:destroy_time": 0.6,
							"minecraft:explosion_resistance": 2,
							"minecraft:block_light_emission": 0,
							"minecraft:block_light_absorption": 0,
							"minecraft:on_player_placing": {
								"event": "decor:face"
							},
							"minecraft:on_interact": {
								"event": "door:toggle"
							},
							"minecraft:preventsjumping": true,
							"minecraft:pick_collision": {
								"origin": [
									-8,
									0,
									-8
								],
								"size": [
									16,
									16,
									2
								]
							},
							"minecraft:on_player_destroyed": {
								"event": "on_destroy"
							},
							"minecraft:entity_collision": {
								"origin": [
									-8,
									0,
									-8
								],
								"size": [
									16,
									16,
									2
								]
							}
						},
						"permutations": [
							{
								"condition": "query.block_property('decor:face') == 0",
								"components": {
									"minecraft:rotation": [
										0,
										180,
										0
									]
								}
							},
							{
								"condition": "query.block_property('decor:face') == 1",
								"components": {
									"minecraft:rotation": [
										0,
										0,
										0
									]
								}
							},
							{
								"condition": "query.block_property('decor:face') == 2",
								"components": {
									"minecraft:rotation": [
										0,
										270,
										0
									]
								}
							},
							{
								"condition": "query.block_property('decor:face') == 3",
								"components": {
									"minecraft:rotation": [
										0,
										90,
										0
									]
								}
							},
							{
								"condition": "!query.block_property('door:state') && !query.block_property('door:double')",
								"components": {
									"minecraft:geometry": "geometry.door_closed_double",
									"minecraft:pick_collision": {
										"origin": [
											-8,
											0,
											-8
										],
										"size": [
											16,
											16,
											2
										]
									},
									"minecraft:entity_collision": {
										"origin": [
											-8,
											0,
											-8
										],
										"size": [
											16,
											16,
											2
										]
									},
									"minecraft:ticking": {
										"looping": false,
										"range": [
											0,
											0
										],
										"on_tick": {
											"event": "mc:set_up_block"
										}
									}
								}
							},
							{
								"condition": "query.block_property('door:state') && !query.block_property('door:double')",
								"components": {
									"minecraft:geometry": "geometry.door_opened_double",
									"minecraft:entity_collision": false,
									"minecraft:pick_collision": {
										"origin": [
											6,
											0,
											-8
										],
										"size": [
											2,
											16,
											16
										]
									}
								}
							}
						],
						"events": {
							"decor:face": {
								"set_block_property": {
									"decor:face": "query.cardinal_facing_2d-2"
								}
							},
							"on_destroy": {
								"set_block_at_pos": {
									"block_offset": [
										0,
										1,
										0
									],
									"block_type": "minecraft:air"
								}
							},
							"door:toggle": {
								"sequence": [
									{
										"condition": "!query.block_property('door:state')",
										"run_command": {
											"command": [
												"playsound random.door_open @p ~~~ 1 1",
												"setblock ~~1~ air"
											]
										},
										"set_block_property": {
											"door:state": true
										}
									},
									{
										"condition": "query.block_property('door:state')",
										"run_command": {
											"command": [
												"playsound random.door_close @p ~~~ 1 1",
												"setblock ~~1~ yd:door_coll"
											]
										},
										"set_block_property": {
											"door:state": false
										}
									}
								]
							},
							"mc:set_up_block": {
								"sequence": [
									{
										"condition": "query.block_property('decor:face') == 0",
										"run_command": {
											"command": [
												"setblock ~~1~ yd:door_coll [\"direction\":0]"
											]
										}
									},
									{
										"condition": "query.block_property('decor:face') == 1",
										"run_command": {
											"command": [
												"setblock ~~1~ yd:door_coll [\"direction\":1]"
											]
										}
									},
									{
										"condition": "query.block_property('decor:face') == 2",
										"run_command": {
											"command": [
												"setblock ~~1~ yd:door_coll [\"direction\":2]"
											]
										}
									},
									{
										"condition": "query.block_property('decor:face') == 3",
										"run_command": {
											"command": [
												"setblock ~~1~ yd:door_coll [\"direction\":3]"
											]
										}
									}
								]
							}
						}
					}
				},
				"key": "minecraft:block",
				"children": [
					{
						"open": {
							"description": {
								"identifier": "yd:glass_door_double",
								"is_experimental": true,
								"properties": {
									"decor:face": [
										0,
										1,
										2,
										3
									],
									"door:state": [
										false,
										true
									],
									"door:double": [
										false,
										true
									]
								}
							},
							"components": {
								"minecraft:geometry": "geometry.door_closed",
								"minecraft:material_instances": {
									"*": {
										"texture": "yd_glass_door",
										"render_method": "blend",
										"ambient_occlusion": false,
										"face_dimming": true
									}
								},
								"minecraft:destroy_time": 0.6,
								"minecraft:explosion_resistance": 2,
								"minecraft:block_light_emission": 0,
								"minecraft:block_light_absorption": 0,
								"minecraft:on_player_placing": {
									"event": "decor:face"
								},
								"minecraft:on_interact": {
									"event": "door:toggle"
								},
								"minecraft:preventsjumping": true,
								"minecraft:pick_collision": {
									"origin": [
										-8,
										0,
										-8
									],
									"size": [
										16,
										16,
										2
									]
								},
								"minecraft:on_player_destroyed": {
									"event": "on_destroy"
								},
								"minecraft:entity_collision": {
									"origin": [
										-8,
										0,
										-8
									],
									"size": [
										16,
										16,
										2
									]
								}
							},
							"permutations": [
								{
									"condition": "query.block_property('decor:face') == 0",
									"components": {
										"minecraft:rotation": [
											0,
											180,
											0
										]
									}
								},
								{
									"condition": "query.block_property('decor:face') == 1",
									"components": {
										"minecraft:rotation": [
											0,
											0,
											0
										]
									}
								},
								{
									"condition": "query.block_property('decor:face') == 2",
									"components": {
										"minecraft:rotation": [
											0,
											270,
											0
										]
									}
								},
								{
									"condition": "query.block_property('decor:face') == 3",
									"components": {
										"minecraft:rotation": [
											0,
											90,
											0
										]
									}
								},
								{
									"condition": "!query.block_property('door:state') && !query.block_property('door:double')",
									"components": {
										"minecraft:geometry": "geometry.door_closed_double",
										"minecraft:pick_collision": {
											"origin": [
												-8,
												0,
												-8
											],
											"size": [
												16,
												16,
												2
											]
										},
										"minecraft:entity_collision": {
											"origin": [
												-8,
												0,
												-8
											],
											"size": [
												16,
												16,
												2
											]
										},
										"minecraft:ticking": {
											"looping": false,
											"range": [
												0,
												0
											],
											"on_tick": {
												"event": "mc:set_up_block"
											}
										}
									}
								},
								{
									"condition": "query.block_property('door:state') && !query.block_property('door:double')",
									"components": {
										"minecraft:geometry": "geometry.door_opened_double",
										"minecraft:entity_collision": false,
										"minecraft:pick_collision": {
											"origin": [
												6,
												0,
												-8
											],
											"size": [
												2,
												16,
												16
											]
										}
									}
								}
							],
							"events": {
								"decor:face": {
									"set_block_property": {
										"decor:face": "query.cardinal_facing_2d-2"
									}
								},
								"on_destroy": {
									"set_block_at_pos": {
										"block_offset": [
											0,
											1,
											0
										],
										"block_type": "minecraft:air"
									}
								},
								"door:toggle": {
									"sequence": [
										{
											"condition": "!query.block_property('door:state')",
											"run_command": {
												"command": [
													"playsound random.door_open @p ~~~ 1 1",
													"setblock ~~1~ air"
												]
											},
											"set_block_property": {
												"door:state": true
											}
										},
										{
											"condition": "query.block_property('door:state')",
											"run_command": {
												"command": [
													"playsound random.door_close @p ~~~ 1 1",
													"setblock ~~1~ yd:door_coll"
												]
											},
											"set_block_property": {
												"door:state": false
											}
										}
									]
								},
								"mc:set_up_block": {
									"sequence": [
										{
											"condition": "query.block_property('decor:face') == 0",
											"run_command": {
												"command": [
													"setblock ~~1~ yd:door_coll [\"direction\":0]"
												]
											}
										},
										{
											"condition": "query.block_property('decor:face') == 1",
											"run_command": {
												"command": [
													"setblock ~~1~ yd:door_coll [\"direction\":1]"
												]
											}
										},
										{
											"condition": "query.block_property('decor:face') == 2",
											"run_command": {
												"command": [
													"setblock ~~1~ yd:door_coll [\"direction\":2]"
												]
											}
										},
										{
											"condition": "query.block_property('decor:face') == 3",
											"run_command": {
												"command": [
													"setblock ~~1~ yd:door_coll [\"direction\":3]"
												]
											}
										}
									]
								}
							}
						},
						"key": "description",
						"children": [
							{
								"open": {
									"identifier": "yd:glass_door_double",
									"is_experimental": true,
									"properties": {
										"decor:face": [
											0,
											1,
											2,
											3
										],
										"door:state": [
											false,
											true
										],
										"door:double": [
											false,
											true
										]
									}
								},
								"data": "yd:glass_door_double",
								"key": "identifier"
							},
							{
								"data": "true",
								"key": "is_experimental"
							},
							{
								"open": {
									"identifier": "yd:glass_door_double",
									"is_experimental": true,
									"properties": {
										"decor:face": [
											0,
											1,
											2,
											3
										],
										"door:state": [
											false,
											true
										],
										"door:double": [
											false,
											true
										]
									}
								},
								"key": "properties",
								"children": [
									{
										"key": "decor:face",
										"is_minified": true,
										"children": [
											0,
											1,
											2,
											3
										]
									},
									{
										"key": "door:state",
										"is_minified": true,
										"children": [
											false,
											true
										]
									},
									{
										"open": {
											"decor:face": [
												0,
												1,
												2,
												3
											],
											"door:state": [
												false,
												true
											],
											"door:double": [
												false,
												true
											]
										},
										"comment": "At the moment, minecraft doesnt let us add a block detector way for making double doors :(",
										"key": "door:double",
										"is_minified": true,
										"children": [
											false,
											true
										]
									}
								]
							}
						]
					},
					{
						"open": {
							"description": {
								"identifier": "yd:glass_door_double",
								"is_experimental": true,
								"properties": {
									"decor:face": [
										0,
										1,
										2,
										3
									],
									"door:state": [
										false,
										true
									],
									"door:double": [
										false,
										true
									]
								}
							},
							"components": {
								"minecraft:geometry": "geometry.door_closed",
								"minecraft:material_instances": {
									"*": {
										"texture": "yd_glass_door",
										"render_method": "blend",
										"ambient_occlusion": false,
										"face_dimming": true
									}
								},
								"minecraft:destroy_time": 0.6,
								"minecraft:explosion_resistance": 2,
								"minecraft:block_light_emission": 0,
								"minecraft:block_light_absorption": 0,
								"minecraft:on_player_placing": {
									"event": "decor:face"
								},
								"minecraft:on_interact": {
									"event": "door:toggle"
								},
								"minecraft:preventsjumping": true,
								"minecraft:pick_collision": {
									"origin": [
										-8,
										0,
										-8
									],
									"size": [
										16,
										16,
										2
									]
								},
								"minecraft:on_player_destroyed": {
									"event": "on_destroy"
								},
								"minecraft:entity_collision": {
									"origin": [
										-8,
										0,
										-8
									],
									"size": [
										16,
										16,
										2
									]
								}
							},
							"permutations": [
								{
									"condition": "query.block_property('decor:face') == 0",
									"components": {
										"minecraft:rotation": [
											0,
											180,
											0
										]
									}
								},
								{
									"condition": "query.block_property('decor:face') == 1",
									"components": {
										"minecraft:rotation": [
											0,
											0,
											0
										]
									}
								},
								{
									"condition": "query.block_property('decor:face') == 2",
									"components": {
										"minecraft:rotation": [
											0,
											270,
											0
										]
									}
								},
								{
									"condition": "query.block_property('decor:face') == 3",
									"components": {
										"minecraft:rotation": [
											0,
											90,
											0
										]
									}
								},
								{
									"condition": "!query.block_property('door:state') && !query.block_property('door:double')",
									"components": {
										"minecraft:geometry": "geometry.door_closed_double",
										"minecraft:pick_collision": {
											"origin": [
												-8,
												0,
												-8
											],
											"size": [
												16,
												16,
												2
											]
										},
										"minecraft:entity_collision": {
											"origin": [
												-8,
												0,
												-8
											],
											"size": [
												16,
												16,
												2
											]
										},
										"minecraft:ticking": {
											"looping": false,
											"range": [
												0,
												0
											],
											"on_tick": {
												"event": "mc:set_up_block"
											}
										}
									}
								},
								{
									"condition": "query.block_property('door:state') && !query.block_property('door:double')",
									"components": {
										"minecraft:geometry": "geometry.door_opened_double",
										"minecraft:entity_collision": false,
										"minecraft:pick_collision": {
											"origin": [
												6,
												0,
												-8
											],
											"size": [
												2,
												16,
												16
											]
										}
									}
								}
							],
							"events": {
								"decor:face": {
									"set_block_property": {
										"decor:face": "query.cardinal_facing_2d-2"
									}
								},
								"on_destroy": {
									"set_block_at_pos": {
										"block_offset": [
											0,
											1,
											0
										],
										"block_type": "minecraft:air"
									}
								},
								"door:toggle": {
									"sequence": [
										{
											"condition": "!query.block_property('door:state')",
											"run_command": {
												"command": [
													"playsound random.door_open @p ~~~ 1 1",
													"setblock ~~1~ air"
												]
											},
											"set_block_property": {
												"door:state": true
											}
										},
										{
											"condition": "query.block_property('door:state')",
											"run_command": {
												"command": [
													"playsound random.door_close @p ~~~ 1 1",
													"setblock ~~1~ yd:door_coll"
												]
											},
											"set_block_property": {
												"door:state": false
											}
										}
									]
								},
								"mc:set_up_block": {
									"sequence": [
										{
											"condition": "query.block_property('decor:face') == 0",
											"run_command": {
												"command": [
													"setblock ~~1~ yd:door_coll [\"direction\":0]"
												]
											}
										},
										{
											"condition": "query.block_property('decor:face') == 1",
											"run_command": {
												"command": [
													"setblock ~~1~ yd:door_coll [\"direction\":1]"
												]
											}
										},
										{
											"condition": "query.block_property('decor:face') == 2",
											"run_command": {
												"command": [
													"setblock ~~1~ yd:door_coll [\"direction\":2]"
												]
											}
										},
										{
											"condition": "query.block_property('decor:face') == 3",
											"run_command": {
												"command": [
													"setblock ~~1~ yd:door_coll [\"direction\":3]"
												]
											}
										}
									]
								}
							}
						},
						"key": "components",
						"children": [
							{
								"data": "geometry.door_closed",
								"key": "minecraft:geometry"
							},
							{
								"key": "minecraft:material_instances",
								"children": [
									{
										"open": {
											"*": {
												"texture": "yd_glass_door",
												"render_method": "blend",
												"ambient_occlusion": false,
												"face_dimming": true
											}
										},
										"key": "*",
										"is_minified": true,
										"children": {
											"texture": "yd_glass_door",
											"render_method": "blend",
											"ambient_occlusion": false,
											"face_dimming": true
										}
									}
								]
							},
							{
								"data": "0.6",
								"key": "minecraft:destroy_time"
							},
							{
								"data": "2",
								"key": "minecraft:explosion_resistance"
							},
							{
								"data": "0",
								"key": "minecraft:block_light_emission"
							},
							{
								"data": "0",
								"key": "minecraft:block_light_absorption"
							},
							{
								"key": "minecraft:on_player_placing",
								"is_minified": true,
								"children": {
									"event": "decor:face"
								}
							},
							{
								"key": "minecraft:on_interact",
								"is_minified": true,
								"children": {
									"event": "door:toggle"
								}
							},
							{
								"data": "true",
								"key": "minecraft:preventsjumping"
							},
							{
								"key": "minecraft:pick_collision",
								"is_minified": true,
								"children": {
									"origin": [
										-8,
										0,
										-8
									],
									"size": [
										16,
										16,
										2
									]
								}
							},
							{
								"key": "minecraft:on_player_destroyed",
								"is_minified": true,
								"children": {
									"event": "on_destroy"
								}
							},
							{
								"key": "minecraft:entity_collision",
								"is_minified": true,
								"children": {
									"origin": [
										-8,
										0,
										-8
									],
									"size": [
										16,
										16,
										2
									]
								}
							}
						]
					},
					{
						"open": {
							"description": {
								"identifier": "yd:glass_door_double",
								"is_experimental": true,
								"properties": {
									"decor:face": [
										0,
										1,
										2,
										3
									],
									"door:state": [
										false,
										true
									],
									"door:double": [
										false,
										true
									]
								}
							},
							"components": {
								"minecraft:geometry": "geometry.door_closed",
								"minecraft:material_instances": {
									"*": {
										"texture": "yd_glass_door",
										"render_method": "blend",
										"ambient_occlusion": false,
										"face_dimming": true
									}
								},
								"minecraft:destroy_time": 0.6,
								"minecraft:explosion_resistance": 2,
								"minecraft:block_light_emission": 0,
								"minecraft:block_light_absorption": 0,
								"minecraft:on_player_placing": {
									"event": "decor:face"
								},
								"minecraft:on_interact": {
									"event": "door:toggle"
								},
								"minecraft:preventsjumping": true,
								"minecraft:pick_collision": {
									"origin": [
										-8,
										0,
										-8
									],
									"size": [
										16,
										16,
										2
									]
								},
								"minecraft:on_player_destroyed": {
									"event": "on_destroy"
								},
								"minecraft:entity_collision": {
									"origin": [
										-8,
										0,
										-8
									],
									"size": [
										16,
										16,
										2
									]
								}
							},
							"permutations": [
								{
									"condition": "query.block_property('decor:face') == 0",
									"components": {
										"minecraft:rotation": [
											0,
											180,
											0
										]
									}
								},
								{
									"condition": "query.block_property('decor:face') == 1",
									"components": {
										"minecraft:rotation": [
											0,
											0,
											0
										]
									}
								},
								{
									"condition": "query.block_property('decor:face') == 2",
									"components": {
										"minecraft:rotation": [
											0,
											270,
											0
										]
									}
								},
								{
									"condition": "query.block_property('decor:face') == 3",
									"components": {
										"minecraft:rotation": [
											0,
											90,
											0
										]
									}
								},
								{
									"condition": "!query.block_property('door:state') && !query.block_property('door:double')",
									"components": {
										"minecraft:geometry": "geometry.door_closed_double",
										"minecraft:pick_collision": {
											"origin": [
												-8,
												0,
												-8
											],
											"size": [
												16,
												16,
												2
											]
										},
										"minecraft:entity_collision": {
											"origin": [
												-8,
												0,
												-8
											],
											"size": [
												16,
												16,
												2
											]
										},
										"minecraft:ticking": {
											"looping": false,
											"range": [
												0,
												0
											],
											"on_tick": {
												"event": "mc:set_up_block"
											}
										}
									}
								},
								{
									"condition": "query.block_property('door:state') && !query.block_property('door:double')",
									"components": {
										"minecraft:geometry": "geometry.door_opened_double",
										"minecraft:entity_collision": false,
										"minecraft:pick_collision": {
											"origin": [
												6,
												0,
												-8
											],
											"size": [
												2,
												16,
												16
											]
										}
									}
								}
							],
							"events": {
								"decor:face": {
									"set_block_property": {
										"decor:face": "query.cardinal_facing_2d-2"
									}
								},
								"on_destroy": {
									"set_block_at_pos": {
										"block_offset": [
											0,
											1,
											0
										],
										"block_type": "minecraft:air"
									}
								},
								"door:toggle": {
									"sequence": [
										{
											"condition": "!query.block_property('door:state')",
											"run_command": {
												"command": [
													"playsound random.door_open @p ~~~ 1 1",
													"setblock ~~1~ air"
												]
											},
											"set_block_property": {
												"door:state": true
											}
										},
										{
											"condition": "query.block_property('door:state')",
											"run_command": {
												"command": [
													"playsound random.door_close @p ~~~ 1 1",
													"setblock ~~1~ yd:door_coll"
												]
											},
											"set_block_property": {
												"door:state": false
											}
										}
									]
								},
								"mc:set_up_block": {
									"sequence": [
										{
											"condition": "query.block_property('decor:face') == 0",
											"run_command": {
												"command": [
													"setblock ~~1~ yd:door_coll [\"direction\":0]"
												]
											}
										},
										{
											"condition": "query.block_property('decor:face') == 1",
											"run_command": {
												"command": [
													"setblock ~~1~ yd:door_coll [\"direction\":1]"
												]
											}
										},
										{
											"condition": "query.block_property('decor:face') == 2",
											"run_command": {
												"command": [
													"setblock ~~1~ yd:door_coll [\"direction\":2]"
												]
											}
										},
										{
											"condition": "query.block_property('decor:face') == 3",
											"run_command": {
												"command": [
													"setblock ~~1~ yd:door_coll [\"direction\":3]"
												]
											}
										}
									]
								}
							}
						},
						"key": "permutations",
						"children": [
							{
								"is_minified": true,
								"children": {
									"condition": "query.block_property('decor:face') == 0",
									"components": {
										"minecraft:rotation": [
											0,
											180,
											0
										]
									}
								}
							},
							{
								"is_minified": true,
								"children": {
									"condition": "query.block_property('decor:face') == 1",
									"components": {
										"minecraft:rotation": [
											0,
											0,
											0
										]
									}
								}
							},
							{
								"is_minified": true,
								"children": {
									"condition": "query.block_property('decor:face') == 2",
									"components": {
										"minecraft:rotation": [
											0,
											270,
											0
										]
									}
								}
							},
							{
								"children": [
									{
										"data": "query.block_property('decor:face') == 3",
										"key": "condition"
									},
									{
										"open": {
											"condition": "query.block_property('decor:face') == 3",
											"components": {
												"minecraft:rotation": [
													0,
													90,
													0
												]
											}
										},
										"key": "components",
										"children": [
											{
												"open": {
													"minecraft:rotation": [
														0,
														90,
														0
													]
												},
												"key": "minecraft:rotation",
												"is_minified": true,
												"children": [
													0,
													90,
													0
												]
											}
										]
									}
								]
							},
							{
								"open": [
									{
										"condition": "query.block_property('decor:face') == 0",
										"components": {
											"minecraft:rotation": [
												0,
												180,
												0
											]
										}
									},
									{
										"condition": "query.block_property('decor:face') == 1",
										"components": {
											"minecraft:rotation": [
												0,
												0,
												0
											]
										}
									},
									{
										"condition": "query.block_property('decor:face') == 2",
										"components": {
											"minecraft:rotation": [
												0,
												270,
												0
											]
										}
									},
									{
										"condition": "query.block_property('decor:face') == 3",
										"components": {
											"minecraft:rotation": [
												0,
												90,
												0
											]
										}
									},
									{
										"condition": "!query.block_property('door:state') && !query.block_property('door:double')",
										"components": {
											"minecraft:geometry": "geometry.door_closed_double",
											"minecraft:pick_collision": {
												"origin": [
													-8,
													0,
													-8
												],
												"size": [
													16,
													16,
													2
												]
											},
											"minecraft:entity_collision": {
												"origin": [
													-8,
													0,
													-8
												],
												"size": [
													16,
													16,
													2
												]
											},
											"minecraft:ticking": {
												"looping": false,
												"range": [
													0,
													0
												],
												"on_tick": {
													"event": "mc:set_up_block"
												}
											}
										}
									},
									{
										"condition": "query.block_property('door:state') && !query.block_property('door:double')",
										"components": {
											"minecraft:geometry": "geometry.door_opened_double",
											"minecraft:entity_collision": false,
											"minecraft:pick_collision": {
												"origin": [
													6,
													0,
													-8
												],
												"size": [
													2,
													16,
													16
												]
											}
										}
									}
								],
								"children": [
									{
										"open": {
											"condition": "!query.block_property('door:state') && !query.block_property('door:double')",
											"components": {
												"minecraft:geometry": "geometry.door_closed_double",
												"minecraft:pick_collision": {
													"origin": [
														-8,
														0,
														-8
													],
													"size": [
														16,
														16,
														2
													]
												},
												"minecraft:entity_collision": {
													"origin": [
														-8,
														0,
														-8
													],
													"size": [
														16,
														16,
														2
													]
												},
												"minecraft:ticking": {
													"looping": false,
													"range": [
														0,
														0
													],
													"on_tick": {
														"event": "mc:set_up_block"
													}
												}
											}
										},
										"data": "!query.block_property('door:state') && !query.block_property('door:double')",
										"key": "condition"
									},
									{
										"open": {
											"condition": "!query.block_property('door:state') && !query.block_property('door:double')",
											"components": {
												"minecraft:geometry": "geometry.door_closed_double",
												"minecraft:pick_collision": {
													"origin": [
														-8,
														0,
														-8
													],
													"size": [
														16,
														16,
														2
													]
												},
												"minecraft:entity_collision": {
													"origin": [
														-8,
														0,
														-8
													],
													"size": [
														16,
														16,
														2
													]
												},
												"minecraft:ticking": {
													"looping": false,
													"range": [
														0,
														0
													],
													"on_tick": {
														"event": "mc:set_up_block"
													}
												}
											}
										},
										"key": "components",
										"is_minified": true,
										"children": {
											"minecraft:geometry": "geometry.door_closed_double",
											"minecraft:pick_collision": {
												"origin": [
													-8,
													0,
													-8
												],
												"size": [
													16,
													16,
													2
												]
											},
											"minecraft:entity_collision": {
												"origin": [
													-8,
													0,
													-8
												],
												"size": [
													16,
													16,
													2
												]
											},
											"minecraft:ticking": {
												"looping": false,
												"range": [
													0,
													0
												],
												"on_tick": {
													"event": "mc:set_up_block"
												}
											}
										}
									}
								]
							},
							{
								"open": [
									{
										"condition": "query.block_property('decor:face') == 0",
										"components": {
											"minecraft:rotation": [
												0,
												180,
												0
											]
										}
									},
									{
										"condition": "query.block_property('decor:face') == 1",
										"components": {
											"minecraft:rotation": [
												0,
												0,
												0
											]
										}
									},
									{
										"condition": "query.block_property('decor:face') == 2",
										"components": {
											"minecraft:rotation": [
												0,
												270,
												0
											]
										}
									},
									{
										"condition": "query.block_property('decor:face') == 3",
										"components": {
											"minecraft:rotation": [
												0,
												90,
												0
											]
										}
									},
									{
										"condition": "!query.block_property('door:state') && !query.block_property('door:double')",
										"components": {
											"minecraft:geometry": "geometry.door_closed_double",
											"minecraft:pick_collision": {
												"origin": [
													-8,
													0,
													-8
												],
												"size": [
													16,
													16,
													2
												]
											},
											"minecraft:entity_collision": {
												"origin": [
													-8,
													0,
													-8
												],
												"size": [
													16,
													16,
													2
												]
											},
											"minecraft:ticking": {
												"looping": false,
												"range": [
													0,
													0
												],
												"on_tick": {
													"event": "mc:set_up_block"
												}
											}
										}
									},
									{
										"condition": "query.block_property('door:state') && !query.block_property('door:double')",
										"components": {
											"minecraft:geometry": "geometry.door_opened_double",
											"minecraft:entity_collision": false,
											"minecraft:pick_collision": {
												"origin": [
													6,
													0,
													-8
												],
												"size": [
													2,
													16,
													16
												]
											}
										}
									}
								],
								"children": [
									{
										"open": {
											"condition": "query.block_property('door:state') && !query.block_property('door:double')",
											"components": {
												"minecraft:geometry": "geometry.door_opened_double",
												"minecraft:entity_collision": false,
												"minecraft:pick_collision": {
													"origin": [
														6,
														0,
														-8
													],
													"size": [
														2,
														16,
														16
													]
												}
											}
										},
										"data": "query.block_property('door:state') && !query.block_property('door:double')",
										"key": "condition"
									},
									{
										"open": {
											"condition": "query.block_property('door:state') && !query.block_property('door:double')",
											"components": {
												"minecraft:geometry": "geometry.door_opened_double",
												"minecraft:entity_collision": false,
												"minecraft:pick_collision": {
													"origin": [
														6,
														0,
														-8
													],
													"size": [
														2,
														16,
														16
													]
												}
											}
										},
										"key": "components",
										"children": [
											{
												"open": {
													"minecraft:geometry": "geometry.door_opened_double",
													"minecraft:entity_collision": false,
													"minecraft:pick_collision": {
														"origin": [
															6,
															0,
															-8
														],
														"size": [
															2,
															16,
															16
														]
													}
												},
												"data": "geometry.door_opened_double",
												"key": "minecraft:geometry"
											},
											{
												"data": "false",
												"key": "minecraft:entity_collision"
											},
											{
												"open": {
													"minecraft:geometry": "geometry.door_opened_double",
													"minecraft:entity_collision": false,
													"minecraft:pick_collision": {
														"origin": [
															6,
															0,
															-8
														],
														"size": [
															2,
															16,
															16
														]
													}
												},
												"key": "minecraft:pick_collision",
												"children": [
													{
														"open": {
															"origin": [
																6,
																0,
																-8
															],
															"size": [
																2,
																16,
																16
															]
														},
														"key": "origin",
														"is_minified": true,
														"children": [
															6,
															0,
															-8
														]
													},
													{
														"key": "size",
														"is_minified": true,
														"children": [
															2,
															16,
															16
														]
													}
												]
											}
										]
									}
								]
							},
							{
								"open": [
									{
										"condition": "query.block_property('decor:face') == 0",
										"components": {
											"minecraft:rotation": [
												0,
												180,
												0
											]
										}
									},
									{
										"condition": "query.block_property('decor:face') == 1",
										"components": {
											"minecraft:rotation": [
												0,
												0,
												0
											]
										}
									},
									{
										"condition": "query.block_property('decor:face') == 2",
										"components": {
											"minecraft:rotation": [
												0,
												270,
												0
											]
										}
									},
									{
										"condition": "query.block_property('decor:face') == 3",
										"components": {
											"minecraft:rotation": [
												0,
												90,
												0
											]
										}
									},
									{
										"condition": "!query.block_property('door:state') && !query.block_property('door:double')",
										"components": {
											"minecraft:geometry": "geometry.door_closed_double",
											"minecraft:pick_collision": {
												"origin": [
													-8,
													0,
													-8
												],
												"size": [
													16,
													16,
													2
												]
											},
											"minecraft:entity_collision": {
												"origin": [
													-8,
													0,
													-8
												],
												"size": [
													16,
													16,
													2
												]
											},
											"minecraft:ticking": {
												"looping": false,
												"range": [
													0,
													0
												],
												"on_tick": {
													"event": "mc:set_up_block"
												}
											}
										}
									},
									{
										"condition": "query.block_property('door:state') && !query.block_property('door:double')",
										"components": {
											"minecraft:geometry": "geometry.door_opened_double",
											"minecraft:entity_collision": false,
											"minecraft:pick_collision": {
												"origin": [
													6,
													0,
													-8
												],
												"size": [
													2,
													16,
													16
												]
											}
										}
									}
								],
								"is_active": false,
								"children": [
									{
										"open": {
											"condition": "!query.block_property('door:state') && query.block_property('double')",
											"components": {
												"minecraft:geometry": "geometry.door_closed_double",
												"minecraft:pick_collision": {
													"origin": [
														-8,
														0,
														-8
													],
													"size": [
														16,
														16,
														2
													]
												},
												"minecraft:entity_collision": {
													"origin": [
														-8,
														0,
														-8
													],
													"size": [
														16,
														16,
														2
													]
												},
												"minecraft:ticking": {
													"looping": false,
													"range": [
														0,
														0
													],
													"on_tick": {
														"event": "mc:set_up_block"
													}
												}
											}
										},
										"data": "!query.block_property('door:state') && query.block_property('double')",
										"key": "condition"
									},
									{
										"open": {
											"condition": "!query.block_property('door:state') && query.block_property('double')",
											"components": {
												"minecraft:geometry": "geometry.door_closed_double",
												"minecraft:pick_collision": {
													"origin": [
														-8,
														0,
														-8
													],
													"size": [
														16,
														16,
														2
													]
												},
												"minecraft:entity_collision": {
													"origin": [
														-8,
														0,
														-8
													],
													"size": [
														16,
														16,
														2
													]
												},
												"minecraft:ticking": {
													"looping": false,
													"range": [
														0,
														0
													],
													"on_tick": {
														"event": "mc:set_up_block"
													}
												}
											}
										},
										"key": "components",
										"is_minified": true,
										"children": {
											"minecraft:geometry": "geometry.door_closed_double",
											"minecraft:pick_collision": {
												"origin": [
													-8,
													0,
													-8
												],
												"size": [
													16,
													16,
													2
												]
											},
											"minecraft:entity_collision": {
												"origin": [
													-8,
													0,
													-8
												],
												"size": [
													16,
													16,
													2
												]
											},
											"minecraft:ticking": {
												"looping": false,
												"range": [
													0,
													0
												],
												"on_tick": {
													"event": "mc:set_up_block"
												}
											}
										}
									}
								]
							},
							{
								"is_active": false,
								"children": [
									{
										"open": {
											"condition": "query.block_property('door:state') && query.block_property('double')",
											"components": {
												"minecraft:geometry": "geometry.door_opened_double",
												"minecraft:entity_collision": false,
												"minecraft:pick_collision": {
													"origin": [
														8,
														0,
														-8
													],
													"size": [
														2,
														16,
														16
													]
												}
											}
										},
										"data": "query.block_property('door:state') && query.block_property('double')",
										"key": "condition"
									},
									{
										"open": {
											"condition": "query.block_property('door:state') && query.block_property('double')",
											"components": {
												"minecraft:geometry": "geometry.door_opened_double",
												"minecraft:entity_collision": false,
												"minecraft:pick_collision": {
													"origin": [
														8,
														0,
														-8
													],
													"size": [
														2,
														16,
														16
													]
												}
											}
										},
										"key": "components",
										"children": [
											{
												"open": {
													"minecraft:geometry": "geometry.door_opened_double",
													"minecraft:entity_collision": false,
													"minecraft:pick_collision": {
														"origin": [
															8,
															0,
															-8
														],
														"size": [
															2,
															16,
															16
														]
													}
												},
												"data": "geometry.door_opened_double",
												"key": "minecraft:geometry"
											},
											{
												"data": "false",
												"key": "minecraft:entity_collision"
											},
											{
												"open": {
													"minecraft:geometry": "geometry.door_opened_double",
													"minecraft:entity_collision": false,
													"minecraft:pick_collision": {
														"origin": [
															8,
															0,
															-8
														],
														"size": [
															2,
															16,
															16
														]
													}
												},
												"key": "minecraft:pick_collision",
												"children": [
													{
														"open": {
															"origin": [
																8,
																0,
																-8
															],
															"size": [
																2,
																16,
																16
															]
														},
														"key": "origin",
														"is_minified": true,
														"children": [
															8,
															0,
															-8
														]
													},
													{
														"open": {
															"origin": [
																8,
																0,
																-8
															],
															"size": [
																2,
																16,
																16
															]
														},
														"key": "size",
														"is_minified": true,
														"children": [
															2,
															16,
															16
														]
													}
												]
											}
										]
									}
								]
							},
							{
								"is_active": false,
								"children": [
									{
										"open": {
											"condition": "!query.block_property('double')",
											"components": {
												"minecraft:ticking": {
													"range": [
														0,
														1
													],
													"on_tick": {
														"event": "test_for_double"
													}
												}
											}
										},
										"data": "!query.block_property('double')",
										"key": "condition"
									},
									{
										"open": {
											"condition": "!query.block_property('double')",
											"components": {
												"minecraft:ticking": {
													"range": [
														0,
														1
													],
													"on_tick": {
														"event": "test_for_double"
													}
												}
											}
										},
										"key": "components",
										"children": [
											{
												"open": {
													"minecraft:ticking": {
														"range": [
															0,
															1
														],
														"on_tick": {
															"event": "test_for_double"
														}
													}
												},
												"key": "minecraft:ticking",
												"children": [
													{
														"open": {
															"range": [
																0,
																1
															],
															"on_tick": {
																"event": "test_for_double"
															}
														},
														"key": "range",
														"is_minified": true,
														"children": [
															0,
															1
														]
													},
													{
														"open": {
															"range": [
																0,
																1
															],
															"on_tick": {
																"event": "test_for_double"
															}
														},
														"key": "on_tick",
														"is_minified": true,
														"children": {
															"event": "test_for_double"
														}
													}
												]
											}
										]
									}
								]
							}
						]
					},
					{
						"open": {
							"description": {
								"identifier": "yd:glass_door_double",
								"is_experimental": true,
								"properties": {
									"decor:face": [
										0,
										1,
										2,
										3
									],
									"door:state": [
										false,
										true
									],
									"door:double": [
										false,
										true
									]
								}
							},
							"components": {
								"minecraft:geometry": "geometry.door_closed",
								"minecraft:material_instances": {
									"*": {
										"texture": "yd_glass_door",
										"render_method": "blend",
										"ambient_occlusion": false,
										"face_dimming": true
									}
								},
								"minecraft:destroy_time": 0.6,
								"minecraft:explosion_resistance": 2,
								"minecraft:block_light_emission": 0,
								"minecraft:block_light_absorption": 0,
								"minecraft:on_player_placing": {
									"event": "decor:face"
								},
								"minecraft:on_interact": {
									"event": "door:toggle"
								},
								"minecraft:preventsjumping": true,
								"minecraft:pick_collision": {
									"origin": [
										-8,
										0,
										-8
									],
									"size": [
										16,
										16,
										2
									]
								},
								"minecraft:on_player_destroyed": {
									"event": "on_destroy"
								},
								"minecraft:entity_collision": {
									"origin": [
										-8,
										0,
										-8
									],
									"size": [
										16,
										16,
										2
									]
								}
							},
							"permutations": [
								{
									"condition": "query.block_property('decor:face') == 0",
									"components": {
										"minecraft:rotation": [
											0,
											180,
											0
										]
									}
								},
								{
									"condition": "query.block_property('decor:face') == 1",
									"components": {
										"minecraft:rotation": [
											0,
											0,
											0
										]
									}
								},
								{
									"condition": "query.block_property('decor:face') == 2",
									"components": {
										"minecraft:rotation": [
											0,
											270,
											0
										]
									}
								},
								{
									"condition": "query.block_property('decor:face') == 3",
									"components": {
										"minecraft:rotation": [
											0,
											90,
											0
										]
									}
								},
								{
									"condition": "!query.block_property('door:state') && !query.block_property('door:double')",
									"components": {
										"minecraft:geometry": "geometry.door_closed_double",
										"minecraft:pick_collision": {
											"origin": [
												-8,
												0,
												-8
											],
											"size": [
												16,
												16,
												2
											]
										},
										"minecraft:entity_collision": {
											"origin": [
												-8,
												0,
												-8
											],
											"size": [
												16,
												16,
												2
											]
										},
										"minecraft:ticking": {
											"looping": false,
											"range": [
												0,
												0
											],
											"on_tick": {
												"event": "mc:set_up_block"
											}
										}
									}
								},
								{
									"condition": "query.block_property('door:state') && !query.block_property('door:double')",
									"components": {
										"minecraft:geometry": "geometry.door_opened_double",
										"minecraft:entity_collision": false,
										"minecraft:pick_collision": {
											"origin": [
												6,
												0,
												-8
											],
											"size": [
												2,
												16,
												16
											]
										}
									}
								}
							],
							"events": {
								"decor:face": {
									"set_block_property": {
										"decor:face": "query.cardinal_facing_2d-2"
									}
								},
								"on_destroy": {
									"set_block_at_pos": {
										"block_offset": [
											0,
											1,
											0
										],
										"block_type": "minecraft:air"
									}
								},
								"door:toggle": {
									"sequence": [
										{
											"condition": "!query.block_property('door:state')",
											"run_command": {
												"command": [
													"playsound random.door_open @p ~~~ 1 1",
													"setblock ~~1~ air"
												]
											},
											"set_block_property": {
												"door:state": true
											}
										},
										{
											"condition": "query.block_property('door:state')",
											"run_command": {
												"command": [
													"playsound random.door_close @p ~~~ 1 1",
													"setblock ~~1~ yd:door_coll"
												]
											},
											"set_block_property": {
												"door:state": false
											}
										}
									]
								},
								"mc:set_up_block": {
									"sequence": [
										{
											"condition": "query.block_property('decor:face') == 0",
											"run_command": {
												"command": [
													"setblock ~~1~ yd:door_coll [\"direction\":0]"
												]
											}
										},
										{
											"condition": "query.block_property('decor:face') == 1",
											"run_command": {
												"command": [
													"setblock ~~1~ yd:door_coll [\"direction\":1]"
												]
											}
										},
										{
											"condition": "query.block_property('decor:face') == 2",
											"run_command": {
												"command": [
													"setblock ~~1~ yd:door_coll [\"direction\":2]"
												]
											}
										},
										{
											"condition": "query.block_property('decor:face') == 3",
											"run_command": {
												"command": [
													"setblock ~~1~ yd:door_coll [\"direction\":3]"
												]
											}
										}
									]
								}
							}
						},
						"key": "events",
						"children": [
							{
								"key": "decor:face",
								"is_minified": true,
								"children": {
									"set_block_property": {
										"decor:face": "query.cardinal_facing_2d-2"
									}
								}
							},
							{
								"key": "on_destroy",
								"is_minified": true,
								"children": {
									"set_block_at_pos": {
										"block_offset": [
											0,
											1,
											0
										],
										"block_type": "minecraft:air"
									}
								}
							},
							{
								"key": "door:toggle",
								"children": [
									{
										"open": {
											"sequence": [
												{
													"condition": "!query.block_property('door:state')",
													"run_command": {
														"command": [
															"playsound random.door_open @p ~~~ 1 1",
															"setblock ~~1~ air"
														]
													},
													"set_block_property": {
														"door:state": true
													}
												},
												{
													"condition": "query.block_property('door:state')",
													"run_command": {
														"command": [
															"playsound random.door_close @p ~~~ 1 1",
															"setblock ~~1~ yd:door_coll"
														]
													},
													"set_block_property": {
														"door:state": false
													}
												}
											]
										},
										"key": "sequence",
										"children": [
											{
												"open": [
													{
														"condition": "!query.block_property('door:state')",
														"run_command": {
															"command": [
																"playsound random.door_open @p ~~~ 1 1",
																"setblock ~~1~ air"
															]
														},
														"set_block_property": {
															"door:state": true
														}
													},
													{
														"condition": "query.block_property('door:state')",
														"run_command": {
															"command": [
																"playsound random.door_close @p ~~~ 1 1",
																"setblock ~~1~ yd:door_coll"
															]
														},
														"set_block_property": {
															"door:state": false
														}
													}
												],
												"children": [
													{
														"data": "!query.block_property('door:state')",
														"key": "condition"
													},
													{
														"open": {
															"condition": "!query.block_property('door:state')",
															"run_command": {
																"command": [
																	"playsound random.door_open @p ~~~ 1 1",
																	"setblock ~~1~ air"
																]
															},
															"set_block_property": {
																"door:state": true
															}
														},
														"key": "run_command",
														"children": [
															{
																"open": {
																	"command": [
																		"playsound random.door_open @p ~~~ 1 1",
																		"setblock ~~1~ air"
																	]
																},
																"key": "command",
																"is_minified": true,
																"children": [
																	"playsound random.door_open @p ~~~ 1 1",
																	"setblock ~~1~ air"
																]
															}
														]
													},
													{
														"key": "set_block_property",
														"is_minified": true,
														"children": {
															"door:state": true
														}
													}
												]
											},
											{
												"open": [
													{
														"condition": "!query.block_property('door:state')",
														"run_command": {
															"command": [
																"playsound random.door_open @p ~~~ 1 1",
																"setblock ~~1~ air"
															]
														},
														"set_block_property": {
															"door:state": true
														}
													},
													{
														"condition": "query.block_property('door:state')",
														"run_command": {
															"command": [
																"playsound random.door_close @p ~~~ 1 1",
																"setblock ~~1~ yd:door_coll"
															]
														},
														"set_block_property": {
															"door:state": false
														}
													}
												],
												"children": [
													{
														"data": "query.block_property('door:state')",
														"key": "condition"
													},
													{
														"open": {
															"condition": "query.block_property('door:state')",
															"run_command": {
																"command": [
																	"playsound random.door_close @p ~~~ 1 1",
																	"setblock ~~1~ yd:door_coll"
																]
															},
															"set_block_property": {
																"door:state": false
															}
														},
														"key": "run_command",
														"children": [
															{
																"open": {
																	"command": [
																		"playsound random.door_close @p ~~~ 1 1",
																		"setblock ~~1~ yd:door_coll"
																	]
																},
																"key": "command",
																"is_minified": true,
																"children": [
																	"playsound random.door_close @p ~~~ 1 1",
																	"setblock ~~1~ yd:door_coll"
																]
															}
														]
													},
													{
														"key": "set_block_property",
														"is_minified": true,
														"children": {
															"door:state": false
														}
													}
												]
											}
										]
									}
								]
							},
							{
								"key": "mc:set_up_block",
								"children": [
									{
										"open": {
											"sequence": [
												{
													"condition": "query.block_property('decor:face') == 0",
													"run_command": {
														"command": [
															"setblock ~~1~ yd:door_coll [\"direction\":0]"
														]
													}
												},
												{
													"condition": "query.block_property('decor:face') == 1",
													"run_command": {
														"command": [
															"setblock ~~1~ yd:door_coll [\"direction\":1]"
														]
													}
												},
												{
													"condition": "query.block_property('decor:face') == 2",
													"run_command": {
														"command": [
															"setblock ~~1~ yd:door_coll [\"direction\":2]"
														]
													}
												},
												{
													"condition": "query.block_property('decor:face') == 3",
													"run_command": {
														"command": [
															"setblock ~~1~ yd:door_coll [\"direction\":3]"
														]
													}
												}
											]
										},
										"key": "sequence",
										"children": [
											{
												"open": [
													{
														"condition": "query.block_property('decor:face') == 0",
														"run_command": {
															"command": [
																"setblock ~~1~ yd:door_coll [\"direction\":0]"
															]
														}
													},
													{
														"condition": "query.block_property('decor:face') == 1",
														"run_command": {
															"command": [
																"setblock ~~1~ yd:door_coll [\"direction\":1]"
															]
														}
													},
													{
														"condition": "query.block_property('decor:face') == 2",
														"run_command": {
															"command": [
																"setblock ~~1~ yd:door_coll [\"direction\":2]"
															]
														}
													},
													{
														"condition": "query.block_property('decor:face') == 3",
														"run_command": {
															"command": [
																"setblock ~~1~ yd:door_coll [\"direction\":3]"
															]
														}
													}
												],
												"children": [
													{
														"data": "query.block_property('decor:face') == 0",
														"key": "condition"
													},
													{
														"open": {
															"condition": "query.block_property('decor:face') == 0",
															"run_command": {
																"command": [
																	"setblock ~~1~ yd:door_coll [\"direction\":0]"
																]
															}
														},
														"key": "run_command",
														"children": [
															{
																"open": {
																	"command": [
																		"setblock ~~1~ yd:door_coll [\"direction\":0]"
																	]
																},
																"key": "command",
																"is_minified": true,
																"children": [
																	"setblock ~~1~ yd:door_coll [\"direction\":0]"
																]
															}
														]
													}
												]
											},
											{
												"open": [
													{
														"condition": "query.block_property('decor:face') == 0",
														"run_command": {
															"command": [
																"setblock ~~1~ yd:door_coll [\"direction\":0]"
															]
														}
													},
													{
														"condition": "query.block_property('decor:face') == 1",
														"run_command": {
															"command": [
																"setblock ~~1~ yd:door_coll [\"direction\":1]"
															]
														}
													},
													{
														"condition": "query.block_property('decor:face') == 2",
														"run_command": {
															"command": [
																"setblock ~~1~ yd:door_coll [\"direction\":2]"
															]
														}
													},
													{
														"condition": "query.block_property('decor:face') == 3",
														"run_command": {
															"command": [
																"setblock ~~1~ yd:door_coll [\"direction\":3]"
															]
														}
													}
												],
												"children": [
													{
														"data": "query.block_property('decor:face') == 1",
														"key": "condition"
													},
													{
														"open": {
															"condition": "query.block_property('decor:face') == 1",
															"run_command": {
																"command": [
																	"setblock ~~1~ yd:door_coll [\"direction\":1]"
																]
															}
														},
														"key": "run_command",
														"children": [
															{
																"open": {
																	"command": [
																		"setblock ~~1~ yd:door_coll [\"direction\":1]"
																	]
																},
																"key": "command",
																"is_minified": true,
																"children": [
																	"setblock ~~1~ yd:door_coll [\"direction\":1]"
																]
															}
														]
													}
												]
											},
											{
												"open": [
													{
														"condition": "query.block_property('decor:face') == 0",
														"run_command": {
															"command": [
																"setblock ~~1~ yd:door_coll [\"direction\":0]"
															]
														}
													},
													{
														"condition": "query.block_property('decor:face') == 1",
														"run_command": {
															"command": [
																"setblock ~~1~ yd:door_coll [\"direction\":1]"
															]
														}
													},
													{
														"condition": "query.block_property('decor:face') == 2",
														"run_command": {
															"command": [
																"setblock ~~1~ yd:door_coll [\"direction\":2]"
															]
														}
													},
													{
														"condition": "query.block_property('decor:face') == 3",
														"run_command": {
															"command": [
																"setblock ~~1~ yd:door_coll [\"direction\":3]"
															]
														}
													}
												],
												"children": [
													{
														"data": "query.block_property('decor:face') == 2",
														"key": "condition"
													},
													{
														"open": {
															"condition": "query.block_property('decor:face') == 2",
															"run_command": {
																"command": [
																	"setblock ~~1~ yd:door_coll [\"direction\":2]"
																]
															}
														},
														"key": "run_command",
														"children": [
															{
																"open": {
																	"command": [
																		"setblock ~~1~ yd:door_coll [\"direction\":2]"
																	]
																},
																"key": "command",
																"is_minified": true,
																"children": [
																	"setblock ~~1~ yd:door_coll [\"direction\":2]"
																]
															}
														]
													}
												]
											},
											{
												"open": [
													{
														"condition": "query.block_property('decor:face') == 0",
														"run_command": {
															"command": [
																"setblock ~~1~ yd:door_coll [\"direction\":0]"
															]
														}
													},
													{
														"condition": "query.block_property('decor:face') == 1",
														"run_command": {
															"command": [
																"setblock ~~1~ yd:door_coll [\"direction\":1]"
															]
														}
													},
													{
														"condition": "query.block_property('decor:face') == 2",
														"run_command": {
															"command": [
																"setblock ~~1~ yd:door_coll [\"direction\":2]"
															]
														}
													},
													{
														"condition": "query.block_property('decor:face') == 3",
														"run_command": {
															"command": [
																"setblock ~~1~ yd:door_coll [\"direction\":3]"
															]
														}
													}
												],
												"children": [
													{
														"data": "query.block_property('decor:face') == 3",
														"key": "condition"
													},
													{
														"open": {
															"condition": "query.block_property('decor:face') == 3",
															"run_command": {
																"command": [
																	"setblock ~~1~ yd:door_coll [\"direction\":3]"
																]
															}
														},
														"key": "run_command",
														"children": [
															{
																"open": {
																	"command": [
																		"setblock ~~1~ yd:door_coll [\"direction\":3]"
																	]
																},
																"key": "command",
																"is_minified": true,
																"children": [
																	"setblock ~~1~ yd:door_coll [\"direction\":3]"
																]
															}
														]
													}
												]
											}
										]
									}
								]
							}
						]
					}
				]
			}
		]
	}
}