{
	"file_path": "C:\\Users\\chupi\\AppData\\Local\\Packages\\Microsoft.MinecraftUWP_8wekyb3d8bbwe\\LocalState\\games\\com.mojang\\development_resource_packs\\Your Doors RP\\sounds\\sound_definitions.json",
	"file_type": "sound_definition",
	"format_version": 1,
	"file_uuid": "efb1c1ea_283f_406a_b104_b835f4a022b4",
	"file_version": 9,
	"cache_content": {
		"children": [
			{
				"data": "1.17.0",
				"key": "format_version"
			},
			{
				"open": {
					"format_version": "1.17.0",
					"sound_definitions": {
						"dy.electric_door_open": {
							"category": "neutral",
							"sounds": [
								"sounds/doors/electric_door"
							]
						},
						"dy.bar_door_open": {
							"category": "neutral",
							"sounds": [
								"sounds/doors/bar_door"
							]
						},
						"dy.sliding_door": {
							"category": "neutral",
							"sounds": [
								"sounds/doors/sliding"
							]
						},
						"dy.bunker_door_open": {
							"category": "neutral",
							"sounds": [
								"sounds/doors/bunker_open"
							]
						},
						"dy.bunker_door_close": {
							"category": "neutral",
							"sounds": [
								"sounds/doors/bunker_close"
							]
						}
					}
				},
				"key": "sound_definitions",
				"children": [
					{
						"open": {
							"dy.electric_door_open": {
								"category": "neutral",
								"sounds": [
									"sounds/doors/electric_door"
								]
							},
							"dy.bar_door_open": {
								"category": "neutral",
								"sounds": [
									"sounds/doors/bar_door"
								]
							},
							"dy.sliding_door": {
								"category": "neutral",
								"sounds": [
									"sounds/doors/sliding"
								]
							},
							"dy.bunker_door_open": {
								"category": "neutral",
								"sounds": [
									"sounds/doors/bunker_open"
								]
							},
							"dy.bunker_door_close": {
								"category": "neutral",
								"sounds": [
									"sounds/doors/bunker_close"
								]
							}
						},
						"key": "dy.electric_door_open",
						"children": [
							{
								"data": "neutral",
								"key": "category"
							},
							{
								"open": {
									"category": "neutral",
									"sounds": [
										"sounds/doors/electric_door"
									]
								},
								"key": "sounds",
								"is_minified": true,
								"children": [
									"sounds/doors/electric_door"
								]
							}
						]
					},
					{
						"open": {
							"dy.electric_door_open": {
								"category": "neutral",
								"sounds": [
									"sounds/doors/electric_door"
								]
							},
							"dy.bar_door_open": {
								"category": "neutral",
								"sounds": [
									"sounds/doors/bar_door"
								]
							},
							"dy.sliding_door": {
								"category": "neutral",
								"sounds": [
									"sounds/doors/sliding"
								]
							},
							"dy.bunker_door_open": {
								"category": "neutral",
								"sounds": [
									"sounds/doors/bunker_open"
								]
							},
							"dy.bunker_door_close": {
								"category": "neutral",
								"sounds": [
									"sounds/doors/bunker_close"
								]
							}
						},
						"key": "dy.bar_door_open",
						"children": [
							{
								"data": "neutral",
								"key": "category"
							},
							{
								"open": {
									"category": "neutral",
									"sounds": [
										"sounds/doors/bar_door"
									]
								},
								"key": "sounds",
								"is_minified": true,
								"children": [
									"sounds/doors/bar_door"
								]
							}
						]
					},
					{
						"open": {
							"dy.electric_door_open": {
								"category": "neutral",
								"sounds": [
									"sounds/doors/electric_door"
								]
							},
							"dy.bar_door_open": {
								"category": "neutral",
								"sounds": [
									"sounds/doors/bar_door"
								]
							},
							"dy.sliding_door": {
								"category": "neutral",
								"sounds": [
									"sounds/doors/sliding"
								]
							},
							"dy.bunker_door_open": {
								"category": "neutral",
								"sounds": [
									"sounds/doors/bunker_open"
								]
							},
							"dy.bunker_door_close": {
								"category": "neutral",
								"sounds": [
									"sounds/doors/bunker_close"
								]
							}
						},
						"key": "dy.sliding_door",
						"children": [
							{
								"data": "neutral",
								"key": "category"
							},
							{
								"open": {
									"category": "neutral",
									"sounds": [
										"sounds/doors/sliding"
									]
								},
								"key": "sounds",
								"is_minified": true,
								"children": [
									"sounds/doors/sliding"
								]
							}
						]
					},
					{
						"open": {
							"dy.electric_door_open": {
								"category": "neutral",
								"sounds": [
									"sounds/doors/electric_door"
								]
							},
							"dy.bar_door_open": {
								"category": "neutral",
								"sounds": [
									"sounds/doors/bar_door"
								]
							},
							"dy.sliding_door": {
								"category": "neutral",
								"sounds": [
									"sounds/doors/sliding"
								]
							},
							"dy.bunker_door_open": {
								"category": "neutral",
								"sounds": [
									"sounds/doors/bunker_open"
								]
							},
							"dy.bunker_door_close": {
								"category": "neutral",
								"sounds": [
									"sounds/doors/bunker_close"
								]
							}
						},
						"key": "dy.bunker_door_open",
						"children": [
							{
								"data": "neutral",
								"key": "category"
							},
							{
								"open": {
									"category": "neutral",
									"sounds": [
										"sounds/doors/bunker_open"
									]
								},
								"key": "sounds",
								"is_minified": true,
								"children": [
									"sounds/doors/bunker_open"
								]
							}
						]
					},
					{
						"open": {
							"dy.electric_door_open": {
								"category": "neutral",
								"sounds": [
									"sounds/doors/electric_door"
								]
							},
							"dy.bar_door_open": {
								"category": "neutral",
								"sounds": [
									"sounds/doors/bar_door"
								]
							},
							"dy.sliding_door": {
								"category": "neutral",
								"sounds": [
									"sounds/doors/sliding"
								]
							},
							"dy.bunker_door_open": {
								"category": "neutral",
								"sounds": [
									"sounds/doors/bunker_open"
								]
							},
							"dy.bunker_door_close": {
								"category": "neutral",
								"sounds": [
									"sounds/doors/bunker_close"
								]
							}
						},
						"key": "dy.bunker_door_close",
						"children": [
							{
								"data": "neutral",
								"key": "category"
							},
							{
								"open": {
									"category": "neutral",
									"sounds": [
										"sounds/doors/bunker_close"
									]
								},
								"key": "sounds",
								"is_minified": true,
								"children": [
									"sounds/doors/bunker_close"
								]
							}
						]
					}
				]
			}
		]
	}
}