{
	"format_version": "1.13.0",
	"minecraft:entity": {
		"description": {
			"identifier": "fb:redo_freddy",
			"runtime_identifier": "minecraft:armor_stand",
			"is_spawnable": true,
			"is_summonable": true,
			"is_experimental": false
		},
		"components": {
			"minecraft:type_family": {
				"family": [
					"armor_stand",
					"inanimate",
					"mob",
					"furniture"
				]
			},
			"minecraft:collision_box": {
				"width": 0.5,
				"height": 1.975
			},
			"minecraft:health": {
				"value": 6,
				"max": 6
			},
			"minecraft:hurt_on_condition": {
				"damage_conditions": [
					{
						"filters": {
							"test": "in_lava",
							"subject": "self",
							"operator": "==",
							"value": true
						},
						"cause": "lava",
						"damage_per_tick": 4
					}
				]
			},
			"minecraft:knockback_resistance": {
				"value": 1
			},
			"minecraft:loot": {
				"table": "loot_tables/entities/armor_stand.json"
			},
			"minecraft:nameable": {},
			"minecraft:persistent": {},
			"minecraft:physics": {},
			"minecraft:pushable": {
				"is_pushable": false,
				"is_pushable_by_piston": true
			},
			"minecraft:conditional_bandwidth_optimization": {}
		},
		"component_groups": {
			"color:default": {
				"minecraft:variant": {
					"value": 0
				},
				"minecraft:interact": {
					"interactions": [
						{
							"on_interact": {
								"filters": {
									"all_of": [
										{
											"test": "is_family",
											"subject": "other",
											"value": "player"
										},
										{
											"test": "has_equipment",
											"domain": "hand",
											"subject": "other",
											"value": "fb:placeholder"
										}
									]
								},
								"event": "furniture:color_blue"
							},
							"use_item": false,
							"interact_text": "action.interact.color"
						}
					]
				}
			},
			"color:blue": {
				"minecraft:variant": {
					"value": 1
				},
				"minecraft:interact": {
					"interactions": [
						{
							"on_interact": {
								"filters": {
									"all_of": [
										{
											"test": "is_family",
											"subject": "other",
											"value": "player"
										},
										{
											"test": "has_equipment",
											"domain": "hand",
											"subject": "other",
											"value": "fb:placeholder"
										}
									]
								},
								"event": "furniture:color_red"
							},
							"use_item": false,
							"interact_text": "action.interact.color"
						}
					]
				}
			},
			"color:red": {
				"minecraft:variant": {
					"value": 2
				},
				"minecraft:interact": {
					"interactions": [
						{
							"on_interact": {
								"filters": {
									"all_of": [
										{
											"test": "is_family",
											"subject": "other",
											"value": "player"
										},
										{
											"test": "has_equipment",
											"domain": "hand",
											"subject": "other",
											"value": "fb:placeholder"
										}
									]
								},
								"event": "furniture:color_default"
							},
							"use_item": false,
							"interact_text": "action.interact.color"
						}
					]
				}
			}
		},
		"events": {
			"minecraft:entity_spawned": {
				"add": {
					"component_groups": [
						"color:default"
					]
				}
			},
			"furniture:color_default": {
				"add": {
					"component_groups": [
						"color:default"
					]
				},
				"remove": {
					"component_groups": [
						"color:blue",
						"color:red"
					]
				}
			},
			"furniture:color_blue": {
				"add": {
					"component_groups": [
						"color:blue"
					]
				},
				"remove": {
					"component_groups": [
						"color:default",
						"color:red"
					]
				}
			},
			"furniture:color_red": {
				"add": {
					"component_groups": [
						"color:red"
					]
				},
				"remove": {
					"component_groups": [
						"color:default",
						"color:blue"
					]
				}
			}
		}
	}
}