{
	"format_version": "1.17.0",
	"minecraft:block": {
		"description": {
			"identifier": "fb:desk",
			"properties": {
				"fb:desk_connect": [
					0,
					1,
					2,
					3,
					4
				],
				"fb:rotation": [
					0,
					1,
					2,
					3
				]
			}
		},
		"components": {
			"minecraft:geometry": "geometry.desk",
			"minecraft:block_light_filter": 0,
			"minecraft:map_color": "#00ff00",
			"minecraft:destroy_time": 0.5,
			"minecraft:material_instances": {
				"*": {
					"texture": "desk",
					"render_method": "alpha_test"
				}
			},
			"minecraft:flammable": {
				"flame_odds": 0,
				"burn_odds": 0
			},
			"minecraft:creative_category": {
				"category": "construction",
				"group": "construction"
			},
			"minecraft:loot": "loot_tables/desk.json",
			"minecraft:ticking": {
				"looping": true,
				"range": [
					0,
					0
				],
				"on_tick": {
					"event": "fb:desk_connect"
				}
			},
			"minecraft:on_player_placing": {
				"event": "rotation"
			},
			"minecraft:on_placed": {
				"event": "sit"
			},
			"minecraft:part_visibility": {
				"rules": {
					"couch": "query.block_property('fb:desk_connect') == 0",
					"couch_corner": "query.block_property('fb:desk_connect') == 1",
					"couch_middle": "query.block_property('fb:desk_connect') == 2",
					"couch_left": "query.block_property('fb:desk_connect') == 3",
					"couch_right": "query.block_property('fb:desk_connect') == 4"
				}
			}
		},
		"permutations": [
			{
				"condition": "query.block_property('fb:rotation') == 0",
				"components": {
					"minecraft:rotation": [
						0,
						180,
						0
					],
					"tag:desk_connect0": {}
				}
			},
			{
				"condition": "query.block_property('fb:rotation') == 1",
				"components": {
					"minecraft:rotation": [
						0,
						0,
						0
					],
					"tag:desk_connect1": {}
				}
			},
			{
				"condition": "query.block_property('fb:rotation') == 2",
				"components": {
					"minecraft:rotation": [
						0,
						270,
						0
					],
					"tag:desk_connect2": {}
				}
			},
			{
				"condition": "query.block_property('fb:rotation') == 3",
				"components": {
					"minecraft:rotation": [
						0,
						90,
						0
					],
					"tag:desk_connect3": {}
				}
			},
			{
				"condition": "query.block_property('fb:desk_connect') == 1",
				"components": {
					"minecraft:on_placed": {
						"event": "event:nothing"
					},
					"tag:desk_corner": {}
				}
			},
			{
				"condition": "query.block_property('fb:desk_connect') == 2",
				"components": {
					"tag:couch_middle": {},
					"minecraft:on_placed": {
						"event": "event:nothing"
					}
				}
			},
			{
				"condition": "query.block_property('fb:desk_connect') == 3",
				"components": {
					"tag:couch_left": {},
					"minecraft:on_placed": {
						"event": "event:nothing"
					}
				}
			},
			{
				"condition": "query.block_property('fb:desk_connect') == 4",
				"components": {
					"tag:couch_right": {},
					"minecraft:on_placed": {
						"event": "event:nothing"
					}
				}
			}
		],
		"events": {
			"fb:desk_connect": {
				"sequence": [
					{
						"condition": "query.block_property('fb:rotation')==0&&query.block_neighbor_has_any_tag(1,0,0,'desk_connect0')",
						"set_block_property": {
							"fb:desk_connect": 4
						}
					},
					{
						"condition": "query.block_property('fb:rotation')==0&&query.block_neighbor_has_any_tag(-1,0,0,'desk_connect0')",
						"set_block_property": {
							"fb:desk_connect": 3
						}
					},
					{
						"condition": "query.block_property('fb:rotation')==0&&query.block_neighbor_has_any_tag(1,0,0,'desk_corner')",
						"set_block_property": {
							"fb:desk_connect": 4
						}
					},
					{
						"condition": "query.block_property('fb:rotation')==0&&query.block_neighbor_has_any_tag(-1,0,0,'desk_corner')",
						"set_block_property": {
							"fb:desk_connect": 3
						}
					},
					{
						"condition": "query.block_property('fb:rotation')==0&&query.block_neighbor_has_any_tag(-1,0,0,'desk_connect0')&&query.block_neighbor_has_any_tag(1,0,0,'desk_connect0')",
						"set_block_property": {
							"fb:desk_connect": 2
						}
					},
					{
						"condition": "query.block_property('fb:rotation')==0&&query.block_neighbor_has_any_tag(-1,0,0,'desk_corner')&&query.block_neighbor_has_any_tag(1,0,0,'desk_connect0')",
						"set_block_property": {
							"fb:desk_connect": 2
						}
					},
					{
						"condition": "query.block_property('fb:desk_connect')==4&&query.block_property('fb:rotation')==0&&!query.block_neighbor_has_any_tag(1,0,0,'desk_connect0')&&!query.block_neighbor_has_any_tag(1,0,0,'desk_corner')",
						"set_block_property": {
							"fb:desk_connect": 0
						}
					},
					{
						"condition": "query.block_property('fb:desk_connect')==3&&query.block_property('fb:rotation')==0&&!query.block_neighbor_has_any_tag(-1,0,0,'desk_connect0')&&!query.block_neighbor_has_any_tag(-1,0,0,'desk_corner')",
						"set_block_property": {
							"fb:desk_connect": 0
						}
					},
					{
						"condition": "query.block_property('fb:rotation')==1&&query.block_neighbor_has_any_tag(-1,0,0,'desk_connect1')",
						"set_block_property": {
							"fb:desk_connect": 4
						}
					},
					{
						"condition": "query.block_property('fb:rotation')==1&&query.block_neighbor_has_any_tag(1,0,0,'desk_connect1')",
						"set_block_property": {
							"fb:desk_connect": 3
						}
					},
					{
						"condition": "query.block_property('fb:rotation')==1&&query.block_neighbor_has_any_tag(-1,0,0,'desk_corner')",
						"set_block_property": {
							"fb:desk_connect": 4
						}
					},
					{
						"condition": "query.block_property('fb:rotation')==1&&query.block_neighbor_has_any_tag(1,0,0,'desk_corner')",
						"set_block_property": {
							"fb:desk_connect": 3
						}
					},
					{
						"condition": "query.block_property('fb:rotation')==1&&query.block_neighbor_has_any_tag(1,0,0,'desk_connect1')&&query.block_neighbor_has_any_tag(-1,0,0,'desk_connect1')",
						"set_block_property": {
							"fb:desk_connect": 2
						}
					},
					{
						"condition": "query.block_property('fb:rotation')==1&&query.block_neighbor_has_any_tag(1,0,0,'desk_corner')&&query.block_neighbor_has_any_tag(-1,0,0,'desk_connect1')",
						"set_block_property": {
							"fb:desk_connect": 2
						}
					},
					{
						"condition": "query.block_property('fb:desk_connect')==4&&query.block_property('fb:rotation')==1&&!query.block_neighbor_has_any_tag(-1,0,0,'desk_connect1')&&!query.block_neighbor_has_any_tag(-1,0,0,'desk_corner')",
						"set_block_property": {
							"fb:desk_connect": 0
						}
					},
					{
						"condition": "query.block_property('fb:desk_connect')==3&&query.block_property('fb:rotation')==1&&!query.block_neighbor_has_any_tag(1,0,0,'desk_connect1')&&!query.block_neighbor_has_any_tag(1,0,0,'desk_corner')",
						"set_block_property": {
							"fb:desk_connect": 0
						}
					},
					{
						"condition": "query.block_property('fb:rotation')==2&&query.block_neighbor_has_any_tag(0,0,-1,'desk_connect2')",
						"set_block_property": {
							"fb:desk_connect": 4
						}
					},
					{
						"condition": "query.block_property('fb:rotation')==2&&query.block_neighbor_has_any_tag(0,0,1,'desk_connect2')",
						"set_block_property": {
							"fb:desk_connect": 3
						}
					},
					{
						"condition": "query.block_property('fb:rotation')==2&&query.block_neighbor_has_any_tag(0,0,-1,'desk_corner')",
						"set_block_property": {
							"fb:desk_connect": 4
						}
					},
					{
						"condition": "query.block_property('fb:rotation')==2&&query.block_neighbor_has_any_tag(0,0,1,'desk_corner')",
						"set_block_property": {
							"fb:desk_connect": 3
						}
					},
					{
						"condition": "query.block_property('fb:rotation')==2&&query.block_neighbor_has_any_tag(0,0,1,'desk_connect2')&&query.block_neighbor_has_any_tag(0,0,-1,'desk_connect2')",
						"set_block_property": {
							"fb:desk_connect": 2
						}
					},
					{
						"condition": "query.block_property('fb:rotation')==2&&query.block_neighbor_has_any_tag(0,0,1,'desk_corner')&&query.block_neighbor_has_any_tag(0,0,-1,'desk_connect2')",
						"set_block_property": {
							"fb:desk_connect": 2
						}
					},
					{
						"condition": "query.block_property('fb:desk_connect')==4&&query.block_property('fb:rotation')==2&&!query.block_neighbor_has_any_tag(0,0,-1,'desk_connect2')&&!query.block_neighbor_has_any_tag(0,0,-1,'desk_corner')",
						"set_block_property": {
							"fb:desk_connect": 0
						}
					},
					{
						"condition": "query.block_property('fb:desk_connect')==3&&query.block_property('fb:rotation')==2&&!query.block_neighbor_has_any_tag(0,0,1,'desk_connect2')&&!query.block_neighbor_has_any_tag(0,0,1,'desk_corner')",
						"set_block_property": {
							"fb:desk_connect": 0
						}
					},
					{
						"condition": "query.block_property('fb:rotation')==3&&query.block_neighbor_has_any_tag(0,0,1,'desk_connect3')",
						"set_block_property": {
							"fb:desk_connect": 4
						}
					},
					{
						"condition": "query.block_property('fb:rotation')==3&&query.block_neighbor_has_any_tag(0,0,-1,'desk_connect3')",
						"set_block_property": {
							"fb:desk_connect": 3
						}
					},
					{
						"condition": "query.block_property('fb:rotation')==3&&query.block_neighbor_has_any_tag(0,0,1,'desk_corner')",
						"set_block_property": {
							"fb:desk_connect": 4
						}
					},
					{
						"condition": "query.block_property('fb:rotation')==3&&query.block_neighbor_has_any_tag(0,0,-1,'desk_corner')",
						"set_block_property": {
							"fb:desk_connect": 3
						}
					},
					{
						"condition": "query.block_property('fb:rotation')==3&&query.block_neighbor_has_any_tag(0,0,-1,'desk_connect3')&&query.block_neighbor_has_any_tag(0,0,1,'desk_connect3')",
						"set_block_property": {
							"fb:desk_connect": 2
						}
					},
					{
						"condition": "query.block_property('fb:rotation')==3&&query.block_neighbor_has_any_tag(0,0,-1,'desk_corner')&&query.block_neighbor_has_any_tag(0,0,1,'desk_connect3')",
						"set_block_property": {
							"fb:desk_connect": 2
						}
					},
					{
						"condition": "query.block_property('fb:desk_connect')==4&&query.block_property('fb:rotation')==3&&!query.block_neighbor_has_any_tag(0,0,1,'desk_connect3')&&!query.block_neighbor_has_any_tag(0,0,1,'desk_corner')",
						"set_block_property": {
							"fb:desk_connect": 0
						}
					},
					{
						"condition": "query.block_property('fb:desk_connect')==3&&query.block_property('fb:rotation')==3&&!query.block_neighbor_has_any_tag(0,0,-1,'desk_connect3')&&!query.block_neighbor_has_any_tag(0,0,-1,'desk_corner')",
						"set_block_property": {
							"fb:desk_connect": 0
						}
					},
					{
						"condition": "query.block_property('fb:rotation')==0&&query.block_neighbor_has_any_tag(-1,0,0,'desk_connect0')&&query.block_neighbor_has_any_tag(0,0,1,'desk_connect3')",
						"set_block_property": {
							"fb:desk_connect": 1
						}
					},
					{
						"condition": "query.block_property('fb:rotation')==0&&query.block_property('fb:desk_connect')==1&&query.block_neighbor_has_any_tag(-1,0,0,'desk_connect0')&&!query.block_neighbor_has_any_tag(0,0,1,'desk_connect3')",
						"set_block_property": {
							"fb:desk_connect": 0
						}
					},
					{
						"condition": "query.block_neighbor_has_any_tag(0,0,1,'desk_connect3')&&!query.block_neighbor_has_any_tag(-1,0,0,'desk_connect0')&&query.block_property('fb:rotation')==0&&query.block_property('fb:desk_connect')==1",
						"set_block_property": {
							"fb:desk_connect": 0,
							"fb:rotation": 3
						}
					},
					{
						"condition": "query.block_property('fb:rotation')==3&&query.block_neighbor_has_any_tag(-1,0,0,'desk_connect0')&&query.block_neighbor_has_any_tag(0,0,1,'desk_connect3')",
						"set_block_property": {
							"fb:desk_connect": 1,
							"fb:rotation": 0
						}
					},
					{
						"condition": "query.block_property('fb:rotation')==0&&query.block_neighbor_has_any_tag(1,0,0,'desk_connect0')&&query.block_neighbor_has_any_tag(0,0,1,'desk_connect2')",
						"set_block_property": {
							"fb:desk_connect": 1,
							"fb:rotation": 2
						}
					},
					{
						"condition": "!query.block_neighbor_has_any_tag(0,0,1,'desk_connect2')&&query.block_neighbor_has_any_tag(1,0,0,'desk_connect0')&&query.block_property('fb:rotation')==2&&query.block_property('fb:desk_connect')==1",
						"set_block_property": {
							"fb:desk_connect": 0,
							"fb:rotation": 0
						}
					},
					{
						"condition": "query.block_property('fb:rotation')==2&&query.block_neighbor_has_any_tag(1,0,0,'desk_connect0')&&query.block_neighbor_has_any_tag(0,0,1,'desk_connect2')",
						"set_block_property": {
							"fb:desk_connect": 1,
							"fb:rotation": 2
						}
					},
					{
						"condition": "query.block_neighbor_has_any_tag(0,0,1,'desk_connect2')&&!query.block_neighbor_has_any_tag(1,0,0,'desk_connect0')&&query.block_property('fb:rotation')==2&&query.block_property('fb:desk_connect')==1",
						"set_block_property": {
							"fb:desk_connect": 0,
							"fb:rotation": 2
						}
					},
					{
						"condition": "query.block_property('fb:rotation')==1&&query.block_neighbor_has_any_tag(-1,0,0,'desk_connect1')&&query.block_neighbor_has_any_tag(0,0,-1,'desk_connect3')",
						"set_block_property": {
							"fb:desk_connect": 1,
							"fb:rotation": 3
						}
					},
					{
						"condition": "query.block_property('fb:rotation')==3&&query.block_property('fb:desk_connect')==1&&query.block_neighbor_has_any_tag(-1,0,0,'desk_connect1')&&!query.block_neighbor_has_any_tag(0,0,-1,'desk_connect3')",
						"set_block_property": {
							"fb:desk_connect": 0,
							"fb:rotation": 1
						}
					},
					{
						"condition": "query.block_neighbor_has_any_tag(0,0,-1,'desk_connect3')&&!query.block_neighbor_has_any_tag(-1,0,0,'desk_connect1')&&query.block_property('fb:rotation')==3&&query.block_property('fb:desk_connect')==1",
						"set_block_property": {
							"fb:desk_connect": 0,
							"fb:rotation": 3
						}
					},
					{
						"condition": "query.block_property('fb:rotation')==3&&query.block_neighbor_has_any_tag(-1,0,0,'desk_connect1')&&query.block_neighbor_has_any_tag(0,0,-1,'desk_connect3')",
						"set_block_property": {
							"fb:desk_connect": 1,
							"fb:rotation": 3
						}
					},
					{
						"condition": "query.block_property('fb:rotation')==1&&query.block_neighbor_has_any_tag(1,0,0,'desk_connect1')&&query.block_neighbor_has_any_tag(0,0,-1,'desk_connect2')",
						"set_block_property": {
							"fb:desk_connect": 1
						}
					},
					{
						"condition": "query.block_property('fb:rotation')==1&&query.block_property('fb:desk_connect')==1&&query.block_neighbor_has_any_tag(1,0,0,'desk_connect1')&&!query.block_neighbor_has_any_tag(0,0,-1,'desk_connect2')",
						"set_block_property": {
							"fb:desk_connect": 0
						}
					},
					{
						"condition": "query.block_neighbor_has_any_tag(0,0,-1,'desk_connect2')&&!query.block_neighbor_has_any_tag(1,0,0,'desk_connect1')&&query.block_property('fb:rotation')==1&&query.block_property('fb:desk_connect')==1",
						"set_block_property": {
							"fb:desk_connect": 0,
							"fb:rotation": 2
						}
					},
					{
						"condition": "query.block_property('fb:rotation')==2&&query.block_neighbor_has_any_tag(1,0,0,'desk_connect1')&&query.block_neighbor_has_any_tag(0,0,-1,'desk_connect2')",
						"set_block_property": {
							"fb:desk_connect": 1,
							"fb:rotation": 1
						}
					}
				]
			},
			"rotation": {
				"set_block_property": {
					"fb:rotation": "query.cardinal_facing_2d-2"
				}
			}
		}
	}
}