{
	"format_version": "1.16.100",
	"minecraft:block": {
		"description": {
			"identifier": "fb:ex_wall_down",
			"is_experimental": false,
			"properties": {
				"bridge:block_rotation": [
					2,
					3,
					4,
					5
				]
			}
		},
		"components": {
			"minecraft:geometry": "geometry.fnaf2_wall_blocks",
			"minecraft:material_instances": {
				"*": {
					"texture": "ex_down",
					"render_method": "alpha_test"
				}
			},
			"minecraft:pick_collision": {
				"origin": [
					-8,
					0,
					-8
				],
				"size": [
					16,
					16,
					16
				]
			},
			"minecraft:entity_collision": {
				"origin": [
					-8,
					0,
					-8
				],
				"size": [
					16,
					16,
					16
				]
			},
			"minecraft:block_light_absorption": 15,
			"minecraft:on_player_placing": {
				"event": "bridge:update_rotation"
			},
			"minecraft:creative_category": {
				"group": "construction",
				"category": "construction"
			},
			"tag:wall": {}
		},
		"permutations": [
			{
				"condition": "query.block_property('bridge:block_rotation') == 2",
				"components": {
					"minecraft:rotation": [
						0,
						180,
						0
					]
				}
			},
			{
				"condition": "query.block_property('bridge:block_rotation') == 3",
				"components": {
					"minecraft:rotation": [
						0,
						0,
						0
					]
				}
			},
			{
				"condition": "query.block_property('bridge:block_rotation') == 4",
				"components": {
					"minecraft:rotation": [
						0,
						270,
						0
					]
				}
			},
			{
				"condition": "query.block_property('bridge:block_rotation') == 5",
				"components": {
					"minecraft:rotation": [
						0,
						90,
						0
					]
				}
			}
		],
		"events": {
			"bridge:update_rotation": {
				"set_block_property": {
					"bridge:block_rotation": "query.cardinal_facing_2d"
				}
			}
		}
	}
}