{
	"format_version": "1.16.100",
	"minecraft:block": {
		"description": {
			"identifier": "fb:faz_coin",
			"properties": {
				"p:facing": [
					0,
					1,
					2,
					3
				],
				"p:coins": [
					0,
					1,
					2,
					3,
					4
				]
			}
		},
		"permutations": [
			{
				"condition": "q.block_property('p:facing') == 0",
				"components": {
					"minecraft:rotation": [
						0,
						180,
						0
					]
				}
			},
			{
				"condition": "q.block_property('p:facing') == 1",
				"components": {
					"minecraft:rotation": [
						0,
						0,
						0
					]
				}
			},
			{
				"condition": "q.block_property('p:facing') == 2",
				"components": {
					"minecraft:rotation": [
						0,
						270,
						0
					]
				}
			},
			{
				"condition": "q.block_property('p:facing') == 3",
				"components": {
					"minecraft:rotation": [
						0,
						90,
						0
					]
				}
			},
			{
				"condition": "q.block_property('p:coins') == 0",
				"components": {
					"minecraft:geometry": "geometry.faz_coin_1",
					"minecraft:aim_collision": {
						"origin": [
							-3,
							0,
							-4
						],
						"size": [
							7,
							2,
							9
						]
					},
					"minecraft:entity_collision": {
						"origin": [
							-4,
							0,
							-4
						],
						"size": [
							7,
							2,
							9
						]
					},
					"minecraft:loot": "loot_tables/empty.json"
				}
			},
			{
				"condition": "q.block_property('p:coins') == 1",
				"components": {
					"minecraft:geometry": "geometry.faz_coin_2",
					"minecraft:aim_collision": {
						"origin": [
							-5,
							0,
							-4
						],
						"size": [
							10,
							7,
							9
						]
					},
					"minecraft:entity_collision": {
						"origin": [
							-5,
							0,
							-4
						],
						"size": [
							10,
							7,
							9
						]
					},
					"minecraft:loot": "loot_tables/empty.json"
				}
			},
			{
				"condition": "q.block_property('p:coins') == 2",
				"components": {
					"minecraft:geometry": "geometry.faz_coin_3",
					"minecraft:aim_collision": {
						"origin": [
							-6,
							0,
							-5
						],
						"size": [
							11,
							6,
							10
						]
					},
					"minecraft:entity_collision": {
						"origin": [
							-6,
							0,
							-5
						],
						"size": [
							11,
							6,
							10
						]
					},
					"minecraft:loot": "loot_tables/empty.json"
				}
			},
			{
				"condition": "q.block_property('p:coins') == 3",
				"components": {
					"minecraft:geometry": "geometry.faz_coin_4",
					"minecraft:aim_collision": {
						"origin": [
							-5,
							0,
							-5
						],
						"size": [
							10,
							8,
							10
						]
					},
					"minecraft:entity_collision": {
						"origin": [
							-5,
							0,
							-5
						],
						"size": [
							10,
							8,
							10
						]
					},
					"minecraft:loot": "loot_tables/empty.json"
				}
			},
			{
				"condition": "q.block_property('p:coins') == 4",
				"components": {
					"minecraft:geometry": "geometry.faz_coin_5",
					"minecraft:aim_collision": {
						"origin": [
							-4,
							0,
							-4
						],
						"size": [
							7,
							11,
							8
						]
					},
					"minecraft:entity_collision": {
						"origin": [
							-4,
							0,
							-4
						],
						"size": [
							7,
							11,
							8
						]
					},
					"minecraft:loot": "loot_tables/empty.json"
				}
			}
		],
		"components": {
			"tag:wall": {},
			"tag:coins": {},
			"minecraft:material_instances": {
				"*": {
					"texture": "faz_coin",
					"render_method": "alpha_test",
					"ambient_occlusion": false
				}
			},
			"minecraft:on_interact": {
				"condition": "q.block_property('p:coins')<4&&q.get_equipped_item_name=='faz_coin'",
				"event": "e:add.coins"
			},
			"minecraft:display_name": "fb:faz_coin",
			"minecraft:map_color": "#FFCC00",
			"minecraft:destroy_time": 0.1,
			"minecraft:explosion_resistance": 0.1,
			"minecraft:block_light_absorption": 0,
			"minecraft:breathability": "air",
			"minecraft:flammable": {
				"flame_odds": 50,
				"burn_odds": 50
			},
			"minecraft:on_player_placing": {
				"event": "e:set.facing"
			}
		},
		"events": {
			"e:add.coins": {
				"decrement_stack": {},
				"set_block_property": {
					"p:coins": "q.block_property('p:coins')+1"
				},
				"run_command": {
					"command": [
						"playsound block.lantern.break @p ~~~",
						"particle fb:smoke_2 ~~~"
					]
				}
			},
			"e:set.facing": {
				"set_block_property": {
					"p:facing": "q.cardinal_facing_2d-2"
				}
			}
		}
	}
}