{
	"format_version": "1.16.100",
	"minecraft:block": {
		"description": {
			"identifier": "fb:foxy_room",
			"properties": {
				"p:facing": [
					0,
					1,
					2,
					3
				],
				"p:is_tied": [
					0,
					1
				],
				"p:color": [
					0,
					1,
					2,
					3,
					4,
					5,
					6,
					7,
					8,
					9,
					10,
					11,
					12,
					13,
					14,
					15
				]
			}
		},
		"permutations": [
			{
				"condition": "(1.0)",
				"components": {
					"minecraft:material_instances": {
						"*": {
							"texture": "foxy_room",
							"render_method": "alpha_test",
							"ambient_occlusion": false
						}
					}
				}
			},
			{
				"condition": "q.block_property('p:facing') == 0",
				"components": {
					"minecraft:rotation": [
						0,
						180,
						0
					]
				}
			},
			{
				"condition": "q.block_property('p:facing') == 1",
				"components": {
					"minecraft:rotation": [
						0,
						0,
						0
					]
				}
			},
			{
				"condition": "q.block_property('p:facing') == 2",
				"components": {
					"minecraft:rotation": [
						0,
						270,
						0
					]
				}
			},
			{
				"condition": "q.block_property('p:facing') == 3",
				"components": {
					"minecraft:rotation": [
						0,
						90,
						0
					]
				}
			},
			{
				"condition": "q.block_property('p:is_tied') == 0",
				"components": {
					"minecraft:geometry": "geometry.foxy_room_open",
					"minecraft:aim_collision": {
						"origin": [
							-8,
							0,
							-8
						],
						"size": [
							16,
							16,
							16
						]
					},
					"minecraft:entity_collision": false
				}
			},
			{
				"condition": "q.block_property('p:is_tied') == 1",
				"components": {
					"minecraft:geometry": "geometry.foxy_room_close",
					"minecraft:aim_collision": {
						"origin": [
							-8,
							0,
							-8
						],
						"size": [
							16,
							16,
							16
						]
					},
					"minecraft:entity_collision": false
				}
			},
			{
				"condition": "q.block_property('p:color') == 0",
				"components": {
					"minecraft:material_instances": {
						"curtain": {
							"texture": "rustic.curtain.color_0",
							"render_method": "alpha_test",
							"ambient_occlusion": false
						}
					}
				}
			},
			{
				"condition": "q.block_property('p:color') == 1",
				"components": {
					"minecraft:material_instances": {
						"curtain": {
							"texture": "rustic.curtain.color_1",
							"render_method": "alpha_test",
							"ambient_occlusion": false
						}
					}
				}
			},
			{
				"condition": "q.block_property('p:color') == 2",
				"components": {
					"minecraft:material_instances": {
						"curtain": {
							"texture": "rustic.curtain.color_2",
							"render_method": "alpha_test",
							"ambient_occlusion": false
						}
					}
				}
			},
			{
				"condition": "q.block_property('p:color') == 3",
				"components": {
					"minecraft:material_instances": {
						"curtain": {
							"texture": "rustic.curtain.color_3",
							"render_method": "alpha_test",
							"ambient_occlusion": false
						}
					}
				}
			},
			{
				"condition": "q.block_property('p:color') == 4",
				"components": {
					"minecraft:material_instances": {
						"curtain": {
							"texture": "rustic.curtain.color_4",
							"render_method": "alpha_test",
							"ambient_occlusion": false
						}
					}
				}
			},
			{
				"condition": "q.block_property('p:color') == 5",
				"components": {
					"minecraft:material_instances": {
						"curtain": {
							"texture": "rustic.curtain.color_5",
							"render_method": "alpha_test",
							"ambient_occlusion": false
						}
					}
				}
			},
			{
				"condition": "q.block_property('p:color') == 6",
				"components": {
					"minecraft:material_instances": {
						"curtain": {
							"texture": "rustic.curtain.color_6",
							"render_method": "alpha_test",
							"ambient_occlusion": false
						}
					}
				}
			},
			{
				"condition": "q.block_property('p:color') == 7",
				"components": {
					"minecraft:material_instances": {
						"curtain": {
							"texture": "rustic.curtain.color_7",
							"render_method": "alpha_test",
							"ambient_occlusion": false
						}
					}
				}
			},
			{
				"condition": "q.block_property('p:color') == 8",
				"components": {
					"minecraft:material_instances": {
						"curtain": {
							"texture": "rustic.curtain.color_8",
							"render_method": "alpha_test",
							"ambient_occlusion": false
						}
					}
				}
			},
			{
				"condition": "q.block_property('p:color') == 9",
				"components": {
					"minecraft:material_instances": {
						"curtain": {
							"texture": "rustic.curtain.color_9",
							"render_method": "alpha_test",
							"ambient_occlusion": false
						}
					}
				}
			},
			{
				"condition": "q.block_property('p:color') == 10",
				"components": {
					"minecraft:material_instances": {
						"curtain": {
							"texture": "rustic.curtain.color_10",
							"render_method": "alpha_test",
							"ambient_occlusion": false
						}
					}
				}
			},
			{
				"condition": "q.block_property('p:color') == 11",
				"components": {
					"minecraft:material_instances": {
						"curtain": {
							"texture": "rustic.curtain.color_11",
							"render_method": "alpha_test",
							"ambient_occlusion": false
						}
					}
				}
			},
			{
				"condition": "q.block_property('p:color') == 12",
				"components": {
					"minecraft:material_instances": {
						"curtain": {
							"texture": "rustic.curtain.color_12",
							"render_method": "alpha_test",
							"ambient_occlusion": false
						}
					}
				}
			},
			{
				"condition": "q.block_property('p:color') == 13",
				"components": {
					"minecraft:material_instances": {
						"curtain": {
							"texture": "rustic.curtain.color_13",
							"render_method": "alpha_test",
							"ambient_occlusion": false
						}
					}
				}
			},
			{
				"condition": "q.block_property('p:color') == 14",
				"components": {
					"minecraft:material_instances": {
						"curtain": {
							"texture": "rustic.curtain.color_14",
							"render_method": "alpha_test",
							"ambient_occlusion": false
						}
					}
				}
			},
			{
				"condition": "q.block_property('p:color') == 15",
				"components": {
					"minecraft:material_instances": {
						"curtain": {
							"texture": "rustic.curtain.color_15",
							"render_method": "alpha_test",
							"ambient_occlusion": false
						}
					}
				}
			}
		],
		"components": {
			"tag:rustic": {},
			"tag:curtain": {},
			"minecraft:placement_filter": {
				"conditions": [
					{
						"allowed_faces": [
							"up"
						]
					}
				]
			},
			"minecraft:on_interact": {
				"condition": "q.is_sneaking",
				"event": "e:switch.tie"
			},
			"minecraft:display_name": "fb:foxy_room",
			"minecraft:creative_category": {
				"category": "Construction",
				"group": "itemGroup.name.Construction"
			},
			"minecraft:map_color": "#5c3e33",
			"minecraft:loot": "loot_tables/block/rustic/curtain.loot.json",
			"minecraft:destroy_time": 0.8,
			"minecraft:explosion_resistance": 0.8,
			"minecraft:block_light_absorption": 0,
			"minecraft:breathability": "air",
			"minecraft:flammable": {
				"flame_odds": 50,
				"burn_odds": 40
			},
			"minecraft:on_player_placing": {
				"event": "e:set.facing"
			}
		},
		"events": {
			"e:switch.tie": {
				"sequence": [
					{
						"set_block_property": {
							"p:is_tied": "!q.block_property('p:is_tied')"
						}
					},
					{
						"condition": "q.block_property('p:is_tied')",
						"run_command": {
							"command": [
								"playsound furnideco.untie @p ~~~",
								"particle furnideco:dust ~ ~-0.75 ~"
							]
						}
					},
					{
						"condition": "!q.block_property('p:is_tied')",
						"run_command": {
							"command": [
								"playsound furnideco.tie @p ~~~"
							]
						}
					}
				]
			},
			"e:set.facing": {
				"set_block_property": {
					"p:facing": "q.cardinal_facing_2d-2"
				}
			},
			"e:cycle_color": {
				"set_block_property": {
					"p:color": "q.block_property('p:color')==15?0:q.block_property('p:color')+1"
				},
				"run_command": {
					"command": [
						"playsound furnideco.paint @p ~~~",
						"particle furnideco:paint ~~~"
					]
				}
			}
		}
	}
}