{
	"format_version": "1.16.100",
	"minecraft:block": {
		"description": {
			"identifier": "fb:office_light_up"
		},
		"components": {
			"minecraft:material_instances": {
				"*": {
					"texture": "lightbulb_off",
					"render_method": "opaque",
					"ambient_occlusion": false,
					"face_dimming": false
				}
			},
			"minecraft:geometry": "geometry.lightbulb_up",
			"minecraft:block_light_absorption": 0,
			"minecraft:block_light_emission": 0,
			"minecraft:pick_collision": {
				"origin": [
					-1,
					0,
					-1
				],
				"size": [
					2,
					16,
					2
				]
			},
			"minecraft:entity_collision": {
				"origin": [
					-1,
					0,
					-1
				],
				"size": [
					2,
					16,
					2
				]
			},
			"minecraft:on_placed": {
				"event": "place"
			},
			"minecraft:on_player_destroyed": {
				"event": "destroy"
			},
			"minecraft:explosion_resistance": 0.1,
			"minecraft:loot": "loot_tables/blocks/empty.json",
			"minecraft:placement_filter": {
				"conditions": [
					{
						"allowed_faces": [
							"all"
						]
					}
				]
			},
			"minecraft:breathability": "air"
		},
		"events": {
			"place": {
				"set_block_at_pos": {
					"block_type": "fb:office_light_down",
					"block_offset": [
						0,
						-1,
						0
					]
				}
			},
			"destroy": {
				"set_block_at_pos": {
					"block_type": "minecraft:air",
					"block_offset": [
						0,
						-1,
						0
					]
				}
			}
		}
	}
}