{
	"format_version": "1.16.100",
	"minecraft:block": {
		"description": {
			"identifier": "fb:office_door_corner",
			"is_experimental": false,
			"properties": {
				"bridge:block_rotation": [
					2,
					3,
					4,
					5
				]
			}
		},
		"components": {
			"minecraft:geometry": "geometry.office_door_corner",
			"minecraft:material_instances": {
				"*": {
					"texture": "office_door_corner",
					"render_method": "alpha_test"
				}
			},
			"minecraft:pick_collision": {
				"origin": [
					-8,
					0,
					-8
				],
				"size": [
					16,
					16,
					16
				]
			},
			"minecraft:entity_collision": {
				"origin": [
					-8,
					0,
					-8
				],
				"size": [
					16,
					16,
					16
				]
			},
			"minecraft:block_light_absorption": 0,
			"minecraft:on_player_placing": {
				"event": "bridge:update_rotation"
			},
			"minecraft:display_name": "fb:office_door_corner",
			"minecraft:creative_category": {
				"category": "construction",
				"group": "construction"
			},
			"minecraft:ticking": {
				"looping": false,
				"range": [
					0,
					0
				],
				"on_tick": {
					"event": "fb:setup"
				}
			}
		},
		"permutations": [
			{
				"condition": "query.block_property('bridge:block_rotation') == 2",
				"components": {
					"minecraft:rotation": [
						0,
						180,
						0
					]
				}
			},
			{
				"condition": "query.block_property('bridge:block_rotation') == 3",
				"components": {
					"minecraft:rotation": [
						0,
						0,
						0
					]
				}
			},
			{
				"condition": "query.block_property('bridge:block_rotation') == 4",
				"components": {
					"minecraft:rotation": [
						0,
						270,
						0
					]
				}
			},
			{
				"condition": "query.block_property('bridge:block_rotation') == 5",
				"components": {
					"minecraft:rotation": [
						0,
						90,
						0
					]
				}
			}
		],
		"events": {
			"bridge:update_rotation": {
				"set_block_property": {
					"bridge:block_rotation": "query.cardinal_facing_2d"
				}
			},
			"fb:setup": {
				"sequence": [
					{
						"condition": "query.block_property('bridge:block_rotation')==2",
						"run_command": {
							"command": [
								"title @a title"
							]
						}
					},
					{
						"condition": "query.block_property('bridge:block_rotation')==3",
						"run_command": {
							"command": [
								"setblock ~~1~ yd:door_coll [\"direction\":1]"
							]
						}
					},
					{
						"condition": "query.block_property('bridge:block_rotation')==4",
						"run_command": {
							"command": [
								"setblock ~~1~ yd:door_coll [\"direction\":2]"
							]
						}
					},
					{
						"condition": "query.block_property('bridge:block_rotation')==5",
						"run_command": {
							"command": [
								"setblock ~~1~ yd:door_coll [\"direction\":3]"
							]
						}
					}
				]
			}
		}
	}
}