{
	"format_version": "1.17.0",
	"minecraft:block": {
		"description": {
			"identifier": "fb:office_door",
			"is_experimental": true,
			"properties": {
				"decor:face": [
					0,
					1,
					2,
					3
				],
				"door:state": [
					false,
					true
				],
				"door:double": [
					false,
					true
				]
			}
		},
		"components": {
			"minecraft:creative_category": {
				"category": "construction",
				"group": "construction"
			},
			"minecraft:geometry": "geometry.door_closed",
			"minecraft:material_instances": {
				"*": {
					"texture": "office_door",
					"render_method": "alpha_test",
					"ambient_occlusion": false,
					"face_dimming": true
				}
			},
			"minecraft:destroy_time": 0.6,
			"minecraft:explosion_resistance": 2,
			"minecraft:block_light_emission": 0,
			"minecraft:block_light_absorption": 0,
			"minecraft:on_player_placing": {
				"event": "decor:face"
			},
			"minecraft:on_interact": {
				"event": "door:toggle"
			},
			"minecraft:pick_collision": {
				"origin": [
					-8,
					0,
					-8
				],
				"size": [
					16,
					16,
					16
				]
			},
			"minecraft:on_player_destroyed": {
				"event": "on_destroy"
			},
			"minecraft:entity_collision": {
				"origin": [
					-8,
					0,
					-8
				],
				"size": [
					16,
					16,
					16
				]
			}
		},
		"permutations": [
			{
				"condition": "query.block_property('decor:face') == 0",
				"components": {
					"minecraft:rotation": [
						0,
						180,
						0
					]
				}
			},
			{
				"condition": "query.block_property('decor:face') == 1",
				"components": {
					"minecraft:rotation": [
						0,
						0,
						0
					]
				}
			},
			{
				"condition": "query.block_property('decor:face') == 2",
				"components": {
					"minecraft:rotation": [
						0,
						270,
						0
					]
				}
			},
			{
				"condition": "query.block_property('decor:face') == 3",
				"components": {
					"minecraft:rotation": [
						0,
						90,
						0
					]
				}
			},
			{
				"condition": "!query.block_property('door:state') && !query.block_property('door:double')",
				"components": {
					"minecraft:geometry": "geometry.door_closed",
					"minecraft:pick_collision": {
						"origin": [
							-8,
							0,
							-8
						],
						"size": [
							16,
							16,
							16
						]
					},
					"minecraft:entity_collision": {
						"origin": [
							-8,
							0,
							-8
						],
						"size": [
							16,
							16,
							16
						]
					},
					"minecraft:ticking": {
						"looping": false,
						"range": [
							0,
							0
						],
						"on_tick": {
							"event": "mc:set_up_block"
						}
					}
				}
			},
			{
				"condition": "query.block_property('door:state') && !query.block_property('door:double')",
				"components": {
					"minecraft:geometry": "geometry.door_opened",
					"minecraft:entity_collision": false,
					"minecraft:pick_collision": {
						"origin": [
							-8,
							0,
							-8
						],
						"size": [
							16,
							16,
							16
						]
					}
				}
			}
		],
		"events": {
			"decor:face": {
				"set_block_property": {
					"decor:face": "query.cardinal_facing_2d-2"
				}
			},
			"on_destroy": {
				"set_block_at_pos": {
					"block_offset": [
						0,
						1,
						0
					],
					"block_type": "minecraft:air"
				}
			},
			"door:toggle": {
				"sequence": [
					{
						"condition": "!query.block_property('door:state')",
						"run_command": {
							"command": [
								"playsound fb.office_door_open @p ~~~ 1 1"
							]
						},
						"set_block_property": {
							"door:state": true
						}
					},
					{
						"condition": "query.block_property('door:state')",
						"run_command": {
							"command": [
								"playsound fb.office_door_close @p ~~~ 1 1"
							]
						},
						"set_block_property": {
							"door:state": false
						}
					}
				]
			},
			"mc:set_up_block": {
				"sequence": [
					{
						"condition": "query.block_property('decor:face')==0",
						"run_command": {
							"command": [
								"setblock ~~1~ yd:door_coll [\"direction\":0]"
							]
						}
					},
					{
						"condition": "query.block_property('decor:face')==1",
						"run_command": {
							"command": [
								"setblock ~~1~ yd:door_coll [\"direction\":1]"
							]
						}
					},
					{
						"condition": "query.block_property('decor:face')==2",
						"run_command": {
							"command": [
								"setblock ~~1~ yd:door_coll [\"direction\":2]"
							]
						}
					},
					{
						"condition": "query.block_property('decor:face')==3",
						"run_command": {
							"command": [
								"setblock ~~1~ yd:door_coll [\"direction\":3]"
							]
						}
					}
				]
			}
		}
	}
}