{
	"format_version": "1.16.100",
	"minecraft:block": {
		"description": {
			"identifier": "fb:paper_bin",
			"is_experimental": false,
			"properties": {
				"design:block_rotation": [
					2,
					3,
					4,
					5
				],
				"design:block_status": [
					1,
					2
				]
			}
		},
		"components": {
			"minecraft:destroy_time": 0,
			"minecraft:block_light_filter": 0,
			"minecraft:explosion_resistance": 0.1,
			"minecraft:material_instances": {
				"*": {
					"texture": "tb",
					"render_method": "alpha_test"
				}
			},
			"minecraft:geometry": "geometry.trash_bin",
			"minecraft:aim_collision": {
				"origin": [
					-6,
					0,
					-6
				],
				"size": [
					12,
					13,
					12
				]
			},
			"minecraft:block_collision": {
				"origin": [
					-6,
					0,
					-6
				],
				"size": [
					12,
					13,
					12
				]
			},
			"minecraft:on_player_placing": {
				"event": "design:block_placed"
			},
			"minecraft:creative_category": {
				"category": "construction",
				"group": "itemGroup.name.Construction"
			},
			"minecraft:rotation": [
				0,
				0,
				0
			]
		},
		"events": {
			"design:block_placed": {
				"sequence": [
					{
						"set_block_property": {
							"design:block_rotation": "query.cardinal_facing_2d"
						}
					},
					{
						"set_block_property": {
							"design:block_status": 1
						}
					}
				]
			},
			"design:event_trash": {
				"sequence": [
					{
						"set_block_property": {
							"design:block_status": 1
						}
					},
					{
						"decrement_stack": {
							"ignore_game_mode": true
						}
					},
					{
						"run_command": {
							"target": "self",
							"command": [
								"playsound block.composter.ready @a ~~~ 10 2",
								"particle fb:smoke_2 ~ ~ ~"
							]
						}
					}
				]
			}
		},
		"permutations": [
			{
				"condition": "query.block_property('design:block_rotation') == 2",
				"components": {
					"minecraft:rotation": [
						0,
						0,
						0
					]
				}
			},
			{
				"condition": "query.block_property('design:block_rotation') == 3",
				"components": {
					"minecraft:rotation": [
						0,
						-180,
						0
					]
				}
			},
			{
				"condition": "query.block_property('design:block_rotation') == 4",
				"components": {
					"minecraft:rotation": [
						0,
						90,
						0
					]
				}
			},
			{
				"condition": "query.block_property('design:block_rotation') == 5",
				"components": {
					"minecraft:rotation": [
						0,
						-90,
						0
					]
				}
			},
			{
				"condition": "query.block_property('design:block_status') == 1",
				"components": {
					"minecraft:on_interact": {
						"event": "design:event_trash",
						"condition": "!query.is_item_name_any('slot.weapon.mainhand',0,'air')"
					}
				}
			}
		]
	}
}