{
	"format_version": "1.16.100",
	"minecraft:block": {
		"description": {
			"identifier": "fb:pizza_box",
			"is_experimental": false,
			"properties": {
				"fb:block_rotation": [
					2,
					3,
					4,
					5
				],
				"fb:box": [
					0,
					1,
					2,
					3,
					4
				]
			}
		},
		"components": {
			"minecraft:destroy_time": 1,
			"minecraft:block_light_absorption": 0,
			"minecraft:block_light_filter": 0,
			"minecraft:creative_category": {
				"category": "construction",
				"group": "itemGroup.name.Construction"
			},
			"minecraft:loot": "loot_tables/empty.json",
			"minecraft:explosion_resistance": 0.1,
			"minecraft:material_instances": {
				"*": {
					"texture": "pizza_box",
					"render_method": "alpha_test"
				}
			},
			"minecraft:geometry": "geometry.pizza_box_1",
			"minecraft:aim_collision": {
				"origin": [
					-8,
					0,
					-8
				],
				"size": [
					16,
					4,
					16
				]
			},
			"minecraft:block_collision": {
				"origin": [
					-8,
					0,
					-8
				],
				"size": [
					16,
					4,
					16
				]
			},
			"minecraft:on_player_placing": {
				"event": "fb:block_placed"
			},
			"minecraft:on_placed": {
				"event": "fb:destroy"
			},
			"minecraft:rotation": [
				0,
				0,
				0
			]
		},
		"events": {
			"fb:destroy": {
				"sequence": [
					{
						"run_command": {
							"target": "self",
							"command": [
								"summon fb:radio-turn_off ~~~"
							]
						}
					}
				]
			},
			"fb:block_placed": {
				"sequence": [
					{
						"set_block_property": {
							"fb:block_rotation": "q.cardinal_facing_2d"
						}
					},
					{
						"set_block_property": {
							"fb:box": 0
						}
					}
				]
			},
			"fb:var_1": {
				"sequence": [
					{
						"condition": "q.is_sneaking",
						"trigger": {
							"event": "fb:box_1",
							"target": "self"
						}
					},
					{
						"condition": "!q.is_sneaking",
						"trigger": {
							"event": "fb:box_1",
							"target": "self"
						}
					}
				]
			},
			"fb:var_2": {
				"sequence": [
					{
						"condition": "q.is_sneaking",
						"trigger": {
							"event": "fb:box_2",
							"target": "self"
						}
					},
					{
						"condition": "!q.is_sneaking",
						"trigger": {
							"event": "fb:box_2",
							"target": "self"
						}
					}
				]
			},
			"fb:var_3": {
				"sequence": [
					{
						"condition": "q.is_sneaking",
						"trigger": {
							"event": "fb:box_3",
							"target": "self"
						}
					},
					{
						"condition": "!q.is_sneaking",
						"trigger": {
							"event": "fb:box_3",
							"target": "self"
						}
					}
				]
			},
			"fb:var_4": {
				"sequence": [
					{
						"condition": "q.is_sneaking",
						"trigger": {
							"event": "fb:box_4",
							"target": "self"
						}
					},
					{
						"condition": "!q.is_sneaking",
						"trigger": {
							"event": "fb:box_4",
							"target": "self"
						}
					}
				]
			},
			"fb:var_5": {
				"sequence": [
					{
						"condition": "q.is_sneaking",
						"trigger": {
							"event": "fb:box_5",
							"target": "self"
						}
					},
					{
						"condition": "!q.is_sneaking",
						"trigger": {
							"event": "fb:box_5",
							"target": "self"
						}
					}
				]
			},
			"fb:box_1": {
				"sequence": [
					{
						"set_block_property": {
							"fb:box": 1
						}
					},
					{
						"run_command": {
							"target": "self",
							"command": [
								"gamerule sendcommandfeedback false",
								"playsound random.pop @a[r=5] ~~~ 5"
							]
						}
					},
					{
						"run_command": {
							"target": "other",
							"command": [
								"give @s fb:pizza_slice_item 1"
							]
						}
					}
				]
			},
			"fb:box_2": {
				"sequence": [
					{
						"set_block_property": {
							"fb:box": 2
						}
					},
					{
						"run_command": {
							"target": "self",
							"command": [
								"gamerule sendcommandfeedback false",
								"playsound random.pop @a[r=5] ~~~ 5"
							]
						}
					},
					{
						"run_command": {
							"target": "other",
							"command": [
								"give @s fb:pizza_slice_item 1"
							]
						}
					}
				]
			},
			"fb:box_3": {
				"sequence": [
					{
						"set_block_property": {
							"fb:box": 3
						}
					},
					{
						"run_command": {
							"target": "self",
							"command": [
								"gamerule sendcommandfeedback false",
								"playsound random.pop @a[r=5] ~~~ 5"
							]
						}
					},
					{
						"run_command": {
							"target": "other",
							"command": [
								"give @s fb:pizza_slice_item 1"
							]
						}
					}
				]
			},
			"fb:box_4": {
				"sequence": [
					{
						"set_block_property": {
							"fb:box": 4
						}
					},
					{
						"run_command": {
							"target": "self",
							"command": [
								"gamerule sendcommandfeedback false",
								"playsound random.pop @a[r=5] ~~~ 5"
							]
						}
					},
					{
						"run_command": {
							"target": "other",
							"command": [
								"give @s fb:pizza_slice_item 1"
							]
						}
					}
				]
			},
			"fb:box_5": {
				"sequence": [
					{
						"set_block_property": {
							"fb:box": 5
						}
					},
					{
						"run_command": {
							"target": "self",
							"command": [
								"gamerule sendcommandfeedback false",
								"playsound random.pop @a[r=5] ~~~ 5",
								"setblock ~~~ air 0 destroy"
							]
						}
					}
				]
			}
		},
		"permutations": [
			{
				"condition": "q.block_property('fb:block_rotation') == 2",
				"components": {
					"minecraft:rotation": [
						0,
						0,
						0
					]
				}
			},
			{
				"condition": "q.block_property('fb:block_rotation') == 3",
				"components": {
					"minecraft:rotation": [
						0,
						-180,
						0
					]
				}
			},
			{
				"condition": "q.block_property('fb:block_rotation') == 4",
				"components": {
					"minecraft:rotation": [
						0,
						90,
						0
					]
				}
			},
			{
				"condition": "q.block_property('fb:block_rotation') == 5",
				"components": {
					"minecraft:rotation": [
						0,
						-90,
						0
					]
				}
			},
			{
				"condition": "q.block_property('fb:box') == 0",
				"components": {
					"minecraft:on_interact": {
						"event": "fb:var_1"
					},
					"minecraft:geometry": "geometry.pizza_box_1",
					"minecraft:on_player_destroyed": {
						"event": "fb:destroy"
					}
				}
			},
			{
				"condition": "q.block_property('fb:box') == 1",
				"components": {
					"minecraft:on_interact": {
						"event": "fb:var_2"
					},
					"minecraft:geometry": "geometry.pizza_box_2",
					"minecraft:on_player_destroyed": {
						"event": "fb:destroy"
					}
				}
			},
			{
				"condition": "q.block_property('fb:box') == 2",
				"components": {
					"minecraft:on_interact": {
						"event": "fb:var_3"
					},
					"minecraft:geometry": "geometry.pizza_box_3",
					"minecraft:on_player_destroyed": {
						"event": "fb:destroy"
					}
				}
			},
			{
				"condition": "q.block_property('fb:box') == 3",
				"components": {
					"minecraft:on_interact": {
						"event": "fb:var_4"
					},
					"minecraft:geometry": "geometry.pizza_box_4",
					"minecraft:on_player_destroyed": {
						"event": "fb:destroy"
					}
				}
			},
			{
				"condition": "q.block_property('fb:box') == 4",
				"components": {
					"minecraft:on_interact": {
						"event": "fb:var_5"
					},
					"minecraft:geometry": "geometry.pizza_box_5",
					"minecraft:on_player_destroyed": {
						"event": "fb:destroy"
					}
				}
			}
		]
	}
}