{
	"format_version": "1.16.100",
	"minecraft:block": {
		"description": {
			"identifier": "fb:stack_papers",
			"properties": {
				"p:facing": [
					0,
					1,
					2,
					3
				],
				"p:coins": [
					0,
					1,
					2,
					3,
					4,
					5,
					6,
					7,
					8
				]
			}
		},
		"permutations": [
			{
				"condition": "q.block_property('p:facing') == 0",
				"components": {
					"minecraft:rotation": [
						0,
						180,
						0
					]
				}
			},
			{
				"condition": "q.block_property('p:facing') == 1",
				"components": {
					"minecraft:rotation": [
						0,
						0,
						0
					]
				}
			},
			{
				"condition": "q.block_property('p:facing') == 2",
				"components": {
					"minecraft:rotation": [
						0,
						270,
						0
					]
				}
			},
			{
				"condition": "q.block_property('p:facing') == 3",
				"components": {
					"minecraft:rotation": [
						0,
						90,
						0
					]
				}
			},
			{
				"condition": "q.block_property('p:coins') == 0",
				"components": {
					"minecraft:geometry": "geometry.stack_papers",
					"minecraft:aim_collision": {
						"origin": [
							-6,
							0,
							-6
						],
						"size": [
							12,
							1,
							12
						]
					},
					"minecraft:entity_collision": {
						"origin": [
							-6,
							0,
							-6
						],
						"size": [
							12,
							1,
							12
						]
					},
					"minecraft:loot": "loot_tables/empty.json"
				}
			},
			{
				"condition": "q.block_property('p:coins') == 1",
				"components": {
					"minecraft:geometry": "geometry.stack_papers2",
					"minecraft:aim_collision": {
						"origin": [
							-6,
							0,
							-6
						],
						"size": [
							12,
							2,
							12
						]
					},
					"minecraft:entity_collision": {
						"origin": [
							-6,
							0,
							-6
						],
						"size": [
							12,
							2,
							12
						]
					},
					"minecraft:loot": "loot_tables/empty.json"
				}
			},
			{
				"condition": "q.block_property('p:coins') == 2",
				"components": {
					"minecraft:geometry": "geometry.stack_papers3",
					"minecraft:aim_collision": {
						"origin": [
							-6,
							0,
							-6
						],
						"size": [
							12,
							4,
							12
						]
					},
					"minecraft:entity_collision": {
						"origin": [
							-6,
							0,
							-6
						],
						"size": [
							12,
							4,
							12
						]
					},
					"minecraft:loot": "loot_tables/empty.json"
				}
			},
			{
				"condition": "q.block_property('p:coins') == 3",
				"components": {
					"minecraft:geometry": "geometry.stack_papers4",
					"minecraft:aim_collision": {
						"origin": [
							-6,
							0,
							-6
						],
						"size": [
							12,
							6,
							12
						]
					},
					"minecraft:entity_collision": {
						"origin": [
							-6,
							0,
							-6
						],
						"size": [
							12,
							6,
							12
						]
					},
					"minecraft:loot": "loot_tables/empty.json"
				}
			},
			{
				"condition": "q.block_property('p:coins') == 4",
				"components": {
					"minecraft:geometry": "geometry.stack_papers5",
					"minecraft:aim_collision": {
						"origin": [
							-6,
							0,
							-6
						],
						"size": [
							12,
							8,
							12
						]
					},
					"minecraft:entity_collision": {
						"origin": [
							-6,
							0,
							-6
						],
						"size": [
							12,
							8,
							12
						]
					},
					"minecraft:loot": "loot_tables/empty.json"
				}
			},
			{
				"condition": "q.block_property('p:coins') == 5",
				"components": {
					"minecraft:geometry": "geometry.stack_papers6",
					"minecraft:aim_collision": {
						"origin": [
							-6,
							0,
							-6
						],
						"size": [
							12,
							10,
							12
						]
					},
					"minecraft:entity_collision": {
						"origin": [
							-6,
							0,
							-6
						],
						"size": [
							12,
							10,
							12
						]
					},
					"minecraft:loot": "loot_tables/empty.json"
				}
			},
			{
				"condition": "q.block_property('p:coins') == 6",
				"components": {
					"minecraft:geometry": "geometry.stack_papers7",
					"minecraft:aim_collision": {
						"origin": [
							-6,
							0,
							-6
						],
						"size": [
							12,
							12,
							12
						]
					},
					"minecraft:entity_collision": {
						"origin": [
							-6,
							0,
							-6
						],
						"size": [
							12,
							12,
							12
						]
					},
					"minecraft:loot": "loot_tables/empty.json"
				}
			},
			{
				"condition": "q.block_property('p:coins') == 7",
				"components": {
					"minecraft:geometry": "geometry.stack_papers8",
					"minecraft:aim_collision": {
						"origin": [
							-6,
							0,
							-6
						],
						"size": [
							12,
							14,
							12
						]
					},
					"minecraft:entity_collision": {
						"origin": [
							-6,
							0,
							-6
						],
						"size": [
							12,
							14,
							12
						]
					},
					"minecraft:loot": "loot_tables/empty.json"
				}
			},
			{
				"condition": "q.block_property('p:coins') == 8",
				"components": {
					"minecraft:geometry": "geometry.stack_papers9",
					"minecraft:aim_collision": {
						"origin": [
							-6,
							0,
							-6
						],
						"size": [
							12,
							16,
							12
						]
					},
					"minecraft:entity_collision": {
						"origin": [
							-6,
							0,
							-6
						],
						"size": [
							12,
							16,
							12
						]
					},
					"minecraft:loot": "loot_tables/empty.json"
				}
			}
		],
		"components": {
			"tag:wall": {},
			"tag:coins": {},
			"minecraft:material_instances": {
				"*": {
					"texture": "stackpaper",
					"render_method": "alpha_test",
					"ambient_occlusion": false
				}
			},
			"minecraft:on_interact": {
				"condition": "q.block_property('p:coins')<8&&q.get_equipped_item_name=='stack_papers'",
				"event": "e:add.coins"
			},
			"minecraft:display_name": "fb:stack_papers",
			"minecraft:creative_category": {
				"category": "construction",
				"group": "itemGroup.name.Construction"
			},
			"minecraft:map_color": "#D5D4CF",
			"minecraft:destroy_time": 0.1,
			"minecraft:explosion_resistance": 0.1,
			"minecraft:block_light_absorption": 0,
			"minecraft:breathability": "air",
			"minecraft:flammable": {
				"flame_odds": 50,
				"burn_odds": 50
			},
			"minecraft:on_player_placing": {
				"event": "e:set.facing"
			}
		},
		"events": {
			"e:add.coins": {
				"decrement_stack": {},
				"set_block_property": {
					"p:coins": "q.block_property('p:coins')+1"
				},
				"run_command": {
					"command": [
						"playsound block.lantern.break @p ~~~",
						"particle fb:smoke_2 ~~~"
					]
				}
			},
			"e:set.facing": {
				"set_block_property": {
					"p:facing": "q.cardinal_facing_2d-2"
				}
			}
		}
	}
}