{
	"format_version": "1.16.100",
	"minecraft:block": {
		"description": {
			"identifier": "fb:speakers_left",
			"is_experimental": false,
			"properties": {
				"fb:block_rotation": [
					2,
					3,
					4,
					5
				],
				"fb:channel": [
					0,
					1,
					2,
					3,
					4,
					5,
					6,
					7,
					8,
					9,
					10,
					11,
					12,
					13,
					14
				]
			}
		},
		"components": {
			"minecraft:destroy_time": 1,
			"minecraft:creative_category": {
				"category": "construction",
				"group": "construction"
			},
			"minecraft:block_light_filter": 0,
			"minecraft:explosion_resistance": 0.1,
			"minecraft:material_instances": {
				"*": {
					"texture": "fb_speakers_left",
					"render_method": "alpha_test"
				}
			},
			"minecraft:geometry": "geometry.stage_speaker_left",
			"minecraft:aim_collision": {
				"origin": [
					-8,
					0,
					-8
				],
				"size": [
					16,
					16,
					16
				]
			},
			"minecraft:block_collision": {
				"origin": [
					-8,
					0,
					-8
				],
				"size": [
					16,
					16,
					16
				]
			},
			"minecraft:on_player_placing": {
				"event": "fb:block_placed"
			},
			"minecraft:on_placed": {
				"event": "fb:destroy"
			},
			"minecraft:rotation": [
				0,
				0,
				0
			]
		},
		"events": {
			"fb:destroy": {
				"sequence": [
					{
						"run_command": {
							"target": "self",
							"command": [
								""
							]
						}
					}
				]
			},
			"fb:block_placed": {
				"sequence": [
					{
						"set_block_property": {
							"fb:block_rotation": "q.cardinal_facing_2d"
						}
					},
					{
						"set_block_property": {
							"fb:channel": 0
						}
					}
				]
			},
			"fb:event_off": {
				"sequence": [
					{
						"set_block_property": {
							"fb:channel": 0
						}
					},
					{
						"run_command": {
							"target": "self",
							"command": [
								"gamerule sendcommandfeedback false",
								"playsound random.click @p ~~~ 1 2",
								"particle minecraft:cauldron_explosion_emitter",
								"playsound random.fizz @a[r=15] ~~~ 40",
								"stopsound @a[r=15]"
							]
						}
					},
					{
						"run_command": {
							"target": "other",
							"command": [
								"title @s actionbar §7The speakers were turned... §l§c[OFF]"
							]
						}
					}
				]
			},
			"fb:switch_1": {
				"sequence": [
					{
						"condition": "q.is_sneaking",
						"trigger": {
							"event": "fb:event_off",
							"target": "self"
						}
					},
					{
						"condition": "!q.is_sneaking",
						"trigger": {
							"event": "fb:channel_1",
							"target": "self"
						}
					}
				]
			},
			"fb:switch_2": {
				"sequence": [
					{
						"condition": "q.is_sneaking",
						"trigger": {
							"event": "fb:event_off",
							"target": "self"
						}
					},
					{
						"condition": "!q.is_sneaking",
						"trigger": {
							"event": "fb:channel_2",
							"target": "self"
						}
					}
				]
			},
			"fb:switch_3": {
				"sequence": [
					{
						"condition": "q.is_sneaking",
						"trigger": {
							"event": "fb:event_off",
							"target": "self"
						}
					},
					{
						"condition": "!q.is_sneaking",
						"trigger": {
							"event": "fb:channel_3",
							"target": "self"
						}
					}
				]
			},
			"fb:switch_4": {
				"sequence": [
					{
						"condition": "q.is_sneaking",
						"trigger": {
							"event": "fb:event_off",
							"target": "self"
						}
					},
					{
						"condition": "!q.is_sneaking",
						"trigger": {
							"event": "fb:channel_4",
							"target": "self"
						}
					}
				]
			},
			"fb:switch_5": {
				"sequence": [
					{
						"condition": "q.is_sneaking",
						"trigger": {
							"event": "fb:event_off",
							"target": "self"
						}
					},
					{
						"condition": "!q.is_sneaking",
						"trigger": {
							"event": "fb:channel_5",
							"target": "self"
						}
					}
				]
			},
			"fb:switch_6": {
				"sequence": [
					{
						"condition": "q.is_sneaking",
						"trigger": {
							"event": "fb:event_off",
							"target": "self"
						}
					},
					{
						"condition": "!q.is_sneaking",
						"trigger": {
							"event": "fb:channel_6",
							"target": "self"
						}
					}
				]
			},
			"fb:switch_7": {
				"sequence": [
					{
						"condition": "q.is_sneaking",
						"trigger": {
							"event": "fb:event_off",
							"target": "self"
						}
					},
					{
						"condition": "!q.is_sneaking",
						"trigger": {
							"event": "fb:channel_7",
							"target": "self"
						}
					}
				]
			},
			"fb:switch_8": {
				"sequence": [
					{
						"condition": "q.is_sneaking",
						"trigger": {
							"event": "fb:event_off",
							"target": "self"
						}
					},
					{
						"condition": "!q.is_sneaking",
						"trigger": {
							"event": "fb:channel_8",
							"target": "self"
						}
					}
				]
			},
			"fb:switch_9": {
				"sequence": [
					{
						"condition": "q.is_sneaking",
						"trigger": {
							"event": "fb:event_off",
							"target": "self"
						}
					},
					{
						"condition": "!q.is_sneaking",
						"trigger": {
							"event": "fb:channel_9",
							"target": "self"
						}
					}
				]
			},
			"fb:switch_10": {
				"sequence": [
					{
						"condition": "q.is_sneaking",
						"trigger": {
							"event": "fb:event_off",
							"target": "self"
						}
					},
					{
						"condition": "!q.is_sneaking",
						"trigger": {
							"event": "fb:channel_10",
							"target": "self"
						}
					}
				]
			},
			"fb:switch_11": {
				"sequence": [
					{
						"condition": "q.is_sneaking",
						"trigger": {
							"event": "fb:event_off",
							"target": "self"
						}
					},
					{
						"condition": "!q.is_sneaking",
						"trigger": {
							"event": "fb:channel_11",
							"target": "self"
						}
					}
				]
			},
			"fb:switch_12": {
				"sequence": [
					{
						"condition": "q.is_sneaking",
						"trigger": {
							"event": "fb:event_off",
							"target": "self"
						}
					},
					{
						"condition": "!q.is_sneaking",
						"trigger": {
							"event": "fb:channel_12",
							"target": "self"
						}
					}
				]
			},
			"fb:switch_13": {
				"sequence": [
					{
						"condition": "q.is_sneaking",
						"trigger": {
							"event": "fb:event_off",
							"target": "self"
						}
					},
					{
						"condition": "!q.is_sneaking",
						"trigger": {
							"event": "fb:channel_13",
							"target": "self"
						}
					}
				]
			},
			"fb:switch_14": {
				"sequence": [
					{
						"condition": "q.is_sneaking",
						"trigger": {
							"event": "fb:event_off",
							"target": "self"
						}
					},
					{
						"condition": "!q.is_sneaking",
						"trigger": {
							"event": "fb:channel_0",
							"target": "self"
						}
					}
				]
			},
			"fb:off_phone": {
				"sequence": [
					{
						"condition": "q.is_sneaking",
						"trigger": {
							"event": "fb:event_off",
							"target": "self"
						}
					},
					{
						"condition": "!q.is_sneaking",
						"trigger": {
							"event": "fb:channel_0",
							"target": "self"
						}
					}
				]
			},
			"fb:channel_0": {
				"sequence": [
					{
						"set_block_property": {
							"fb:channel": 0
						}
					},
					{
						"run_command": {
							"target": "self",
							"command": [
								"gamerule sendcommandfeedback false",
								"playsound random.click @p ~~~ 1 2",
								"particle minecraft:cauldron_explosion_emitter",
								"playsound random.fizz @a[r=15] ~~~ 40",
								"stopsound @a[r=15] fb13"
							]
						}
					},
					{
						"run_command": {
							"target": "other",
							"command": [
								"title @s actionbar §7The speakers were turned... §l§c[OFF]"
							]
						}
					}
				]
			},
			"fb:channel_1": {
				"sequence": [
					{
						"set_block_property": {
							"fb:channel": 1
						}
					},
					{
						"run_command": {
							"target": "self",
							"command": [
								"gamerule sendcommandfeedback false",
								"playsound random.click @p ~~~ 1 2",
								"particle fb:notes ~ ~ ~",
								"stopsound @a[r=15] fb5",
								"playsound fb1 @a[r=15] ~~~"
							]
						}
					},
					{
						"run_command": {
							"target": "other",
							"command": [
								"title @s actionbar §7The speaker is playing... §l§f[FNAF 1 Song]"
							]
						}
					}
				]
			},
			"fb:channel_2": {
				"sequence": [
					{
						"set_block_property": {
							"fb:channel": 2
						}
					},
					{
						"run_command": {
							"target": "self",
							"command": [
								"gamerule sendcommandfeedback false",
								"playsound random.click @p ~~~ 1 2",
								"particle fb:notes ~ ~ ~",
								"stopsound @a[r=15] fb1",
								"playsound fb2 @a[r=15] ~~~"
							]
						}
					},
					{
						"run_command": {
							"target": "other",
							"command": [
								"title @s actionbar §7The speaker is playing... §l§f[It's been so long]"
							]
						}
					}
				]
			},
			"fb:channel_3": {
				"sequence": [
					{
						"set_block_property": {
							"fb:channel": 3
						}
					},
					{
						"run_command": {
							"target": "self",
							"command": [
								"gamerule sendcommandfeedback false",
								"playsound random.click @p ~~~ 1 2",
								"particle fb:notes ~ ~ ~",
								"stopsound @a[r=15] fb2",
								"playsound fb3 @a[r=15] ~~~"
							]
						}
					},
					{
						"run_command": {
							"target": "other",
							"command": [
								"title @s actionbar §7The speaker is playing... §l§f[Showtime]"
							]
						}
					}
				]
			},
			"fb:channel_4": {
				"sequence": [
					{
						"set_block_property": {
							"fb:channel": 4
						}
					},
					{
						"run_command": {
							"target": "self",
							"command": [
								"gamerule sendcommandfeedback false",
								"playsound random.click @p ~~~ 1 2",
								"particle fb:notes ~ ~ ~",
								"stopsound @a[r=15] fb3",
								"playsound fb4 @a[r=15] ~~~"
							]
						}
					},
					{
						"run_command": {
							"target": "other",
							"command": [
								"title @s actionbar §7The speaker is playing... §l§f[Music Box 1]"
							]
						}
					}
				]
			},
			"fb:channel_5": {
				"sequence": [
					{
						"set_block_property": {
							"fb:channel": 5
						}
					},
					{
						"run_command": {
							"target": "self",
							"command": [
								"gamerule sendcommandfeedback false",
								"playsound random.click @p ~~~ 1 2",
								"particle fb:notes ~ ~ ~",
								"stopsound @a[r=15] fb4",
								"playsound fb5 @a[r=15] ~~~"
							]
						}
					},
					{
						"run_command": {
							"target": "other",
							"command": [
								"title @s actionbar §7The speaker is playing... §l§f[Music Box 2]"
							]
						}
					}
				]
			},
			"fb:channel_6": {
				"sequence": [
					{
						"set_block_property": {
							"fb:channel": 6
						}
					},
					{
						"run_command": {
							"target": "self",
							"command": [
								"gamerule sendcommandfeedback false",
								"playsound random.click @p ~~~ 1 2",
								"particle fb:notes ~ ~ ~",
								"stopsound @a[r=15] fb5",
								"playsound fb6 @a[r=15] ~~~"
							]
						}
					},
					{
						"run_command": {
							"target": "other",
							"command": [
								"title @s actionbar §7The speaker is playing... §l§f[Birthday]"
							]
						}
					}
				]
			},
			"fb:channel_7": {
				"sequence": [
					{
						"set_block_property": {
							"fb:channel": 7
						}
					},
					{
						"run_command": {
							"target": "self",
							"command": [
								"gamerule sendcommandfeedback false",
								"playsound random.click @p ~~~ 1 2",
								"particle fb:notes ~ ~ ~",
								"stopsound @a[r=15] fb6",
								"playsound fb7 @a[r=15] ~~~"
							]
						}
					},
					{
						"run_command": {
							"target": "other",
							"command": [
								"title @s actionbar §7The speaker is playing... §l§f[Stage Performance]"
							]
						}
					}
				]
			},
			"fb:channel_8": {
				"sequence": [
					{
						"set_block_property": {
							"fb:channel": 8
						}
					},
					{
						"run_command": {
							"target": "self",
							"command": [
								"gamerule sendcommandfeedback false",
								"playsound random.click @p ~~~ 1 2",
								"particle fb:notes ~ ~ ~",
								"stopsound @a[r=15] fb7",
								"playsound fb8 @a[r=15] ~~~"
							]
						}
					},
					{
						"run_command": {
							"target": "other",
							"command": [
								"title @s actionbar §7The speaker is playing... §l§f[I cant fix you]"
							]
						}
					}
				]
			},
			"fb:channel_9": {
				"sequence": [
					{
						"set_block_property": {
							"fb:channel": 9
						}
					},
					{
						"run_command": {
							"target": "self",
							"command": [
								"gamerule sendcommandfeedback false",
								"playsound random.click @p ~~~ 1 2",
								"particle fb:notes ~ ~ ~",
								"stopsound @a[r=15] fb8",
								"playsound fb9 @a[r=15] ~~~"
							]
						}
					},
					{
						"run_command": {
							"target": "other",
							"command": [
								"title @s actionbar §7The speaker is playing... §l§f[Never be alone]"
							]
						}
					}
				]
			},
			"fb:channel_10": {
				"sequence": [
					{
						"set_block_property": {
							"fb:channel": 10
						}
					},
					{
						"run_command": {
							"target": "self",
							"command": [
								"gamerule sendcommandfeedback false",
								"playsound random.click @p ~~~ 1 2",
								"particle fb:notes ~ ~ ~",
								"stopsound @a[r=15] fb9",
								"playsound fb10 @a[r=15] ~~~"
							]
						}
					},
					{
						"run_command": {
							"target": "other",
							"command": [
								"title @s actionbar §7The speaker is playing... §l§f[Bad Ending FNAF 3]"
							]
						}
					}
				]
			},
			"fb:channel_11": {
				"sequence": [
					{
						"set_block_property": {
							"fb:channel": 11
						}
					},
					{
						"run_command": {
							"target": "self",
							"command": [
								"gamerule sendcommandfeedback false",
								"playsound random.click @p ~~~ 1 2",
								"particle fb:notes ~ ~ ~",
								"stopsound @a[r=15] fb10",
								"playsound fb11 @a[r=15] ~~~"
							]
						}
					},
					{
						"run_command": {
							"target": "other",
							"command": [
								"title @s actionbar §7The speaker is playing... §l§f[Creepin Towards The Door]"
							]
						}
					}
				]
			},
			"fb:channel_12": {
				"sequence": [
					{
						"set_block_property": {
							"fb:channel": 12
						}
					},
					{
						"run_command": {
							"target": "self",
							"command": [
								"gamerule sendcommandfeedback false",
								"playsound random.click @p ~~~ 1 2",
								"particle fb:notes ~ ~ ~",
								"stopsound @a[r=15] fb11",
								"playsound fb12 @a[r=15] ~~~"
							]
						}
					},
					{
						"run_command": {
							"target": "other",
							"command": [
								"title @s actionbar §7The speaker is playing... §l§f[Showcase Instrumental]"
							]
						}
					}
				]
			},
			"fb:channel_13": {
				"sequence": [
					{
						"set_block_property": {
							"fb:channel": 13
						}
					},
					{
						"run_command": {
							"target": "self",
							"command": [
								"gamerule sendcommandfeedback false",
								"playsound random.click @p ~~~ 1 2",
								"particle fb:notes ~ ~ ~",
								"stopsound @a[r=15] fb12",
								"playsound fb13 @a[r=15] ~~~"
							]
						}
					},
					{
						"run_command": {
							"target": "other",
							"command": [
								"title @s actionbar §7The speaker is playing... §l§f[Follow Me]"
							]
						}
					}
				]
			}
		},
		"permutations": [
			{
				"condition": "q.block_property('fb:block_rotation') == 2",
				"components": {
					"minecraft:rotation": [
						0,
						-180,
						0
					]
				}
			},
			{
				"condition": "q.block_property('fb:block_rotation') == 3",
				"components": {
					"minecraft:rotation": [
						0,
						0,
						0
					]
				}
			},
			{
				"condition": "q.block_property('fb:block_rotation') == 4",
				"components": {
					"minecraft:rotation": [
						0,
						-90,
						0
					]
				}
			},
			{
				"condition": "q.block_property('fb:block_rotation') == 5",
				"components": {
					"minecraft:rotation": [
						0,
						90,
						0
					]
				}
			},
			{
				"condition": "q.block_property('fb:channel') == 0",
				"components": {
					"minecraft:on_interact": {
						"event": "fb:switch_1"
					},
					"minecraft:geometry": "geometry.stage_speaker_left",
					"minecraft:on_player_destroyed": {
						"event": "fb:destroy"
					}
				}
			},
			{
				"condition": "q.block_property('fb:channel') == 1",
				"components": {
					"minecraft:on_interact": {
						"event": "fb:switch_2"
					},
					"minecraft:geometry": "geometry.stage_speaker_left",
					"minecraft:on_player_destroyed": {
						"event": "fb:destroy"
					}
				}
			},
			{
				"condition": "q.block_property('fb:channel') == 2",
				"components": {
					"minecraft:on_interact": {
						"event": "fb:switch_3"
					},
					"minecraft:geometry": "geometry.stage_speaker_left",
					"minecraft:on_player_destroyed": {
						"event": "fb:destroy"
					}
				}
			},
			{
				"condition": "q.block_property('fb:channel') == 3",
				"components": {
					"minecraft:on_interact": {
						"event": "fb:switch_4"
					},
					"minecraft:geometry": "geometry.stage_speaker_left",
					"minecraft:on_player_destroyed": {
						"event": "fb:destroy"
					}
				}
			},
			{
				"condition": "q.block_property('fb:channel') == 4",
				"components": {
					"minecraft:on_interact": {
						"event": "fb:switch_5"
					},
					"minecraft:geometry": "geometry.stage_speaker_left",
					"minecraft:on_player_destroyed": {
						"event": "fb:destroy"
					}
				}
			},
			{
				"condition": "q.block_property('fb:channel') == 5",
				"components": {
					"minecraft:on_interact": {
						"event": "fb:switch_6"
					},
					"minecraft:geometry": "geometry.stage_speaker_left",
					"minecraft:on_player_destroyed": {
						"event": "fb:destroy"
					}
				}
			},
			{
				"condition": "q.block_property('fb:channel') == 6",
				"components": {
					"minecraft:on_interact": {
						"event": "fb:switch_7"
					},
					"minecraft:geometry": "geometry.stage_speaker_left",
					"minecraft:on_player_destroyed": {
						"event": "fb:destroy"
					}
				}
			},
			{
				"condition": "q.block_property('fb:channel') == 7",
				"components": {
					"minecraft:on_interact": {
						"event": "fb:switch_8"
					},
					"minecraft:geometry": "geometry.stage_speaker_left",
					"minecraft:on_player_destroyed": {
						"event": "fb:destroy"
					}
				}
			},
			{
				"condition": "q.block_property('fb:channel') == 8",
				"components": {
					"minecraft:on_interact": {
						"event": "fb:switch_9"
					},
					"minecraft:geometry": "geometry.stage_speaker_left",
					"minecraft:on_player_destroyed": {
						"event": "fb:destroy"
					}
				}
			},
			{
				"condition": "q.block_property('fb:channel') == 9",
				"components": {
					"minecraft:on_interact": {
						"event": "fb:switch_10"
					},
					"minecraft:geometry": "geometry.stage_speaker_left",
					"minecraft:on_player_destroyed": {
						"event": "fb:destroy"
					}
				}
			},
			{
				"condition": "q.block_property('fb:channel') == 10",
				"components": {
					"minecraft:on_interact": {
						"event": "fb:switch_11"
					},
					"minecraft:geometry": "geometry.stage_speaker_left",
					"minecraft:on_player_destroyed": {
						"event": "fb:destroy"
					}
				}
			},
			{
				"condition": "q.block_property('fb:channel') == 11",
				"components": {
					"minecraft:on_interact": {
						"event": "fb:switch_12"
					},
					"minecraft:geometry": "geometry.stage_speaker_left",
					"minecraft:on_player_destroyed": {
						"event": "fb:destroy"
					}
				}
			},
			{
				"condition": "q.block_property('fb:channel') == 12",
				"components": {
					"minecraft:on_interact": {
						"event": "fb:switch_13"
					},
					"minecraft:geometry": "geometry.stage_speaker_left",
					"minecraft:on_player_destroyed": {
						"event": "fb:destroy"
					}
				}
			},
			{
				"condition": "q.block_property('fb:channel') == 13",
				"components": {
					"minecraft:on_interact": {
						"event": "fb:event_off"
					},
					"minecraft:geometry": "geometry.stage_speaker_left",
					"minecraft:on_player_destroyed": {
						"event": "fb:destroy"
					}
				}
			}
		]
	}
}