{
	"format_version": "1.16.100",
	"minecraft:block": {
		"description": {
			"identifier": "fb:stars",
			"category": "Nature",
			"properties": {
				"fb:block_rotation": [
					1,
					2,
					3,
					4,
					5
				],
				"fb:box": [
					0,
					1,
					2,
					3,
					4,
					5,
					6,
					7,
					8
				]
			}
		},
		"components": {
			"minecraft:destroy_time": 0.3,
			"minecraft:friction": 0.7,
			"minecraft:map_color": "#FFE9E1",
			"minecraft:explosion_resistance": 1,
			"minecraft:flammable": {
				"flame_odds": 1,
				"burn_odds": 1
			},
			"minecraft:block_light_absorption": 0,
			"minecraft:block_light_emission": 0,
			"minecraft:on_player_destroyed": {
				"event": "remove:block",
				"target": "self"
			},
			"minecraft:material_instances": {
				"*": {
					"texture": "stars1",
					"render_method": "alpha_test"
				}
			},
			"minecraft:on_step_on": {
				"event": "step:on",
				"target": "self"
			},
			"minecraft:on_step_off": {
				"event": "step:off",
				"target": "self"
			},
			"minecraft:on_player_placing": {
				"event": "fb:block_placed"
			},
			"minecraft:on_placed": {
				"event": "fb:destroy"
			},
			"minecraft:random_ticking": {
				"on_tick": {
					"event": "random:tick",
					"target": "self"
				}
			},
			"minecraft:on_fall_on": {
				"event": "fall:on",
				"target": "self"
			},
			"minecraft:ticking": {
				"looping": true,
				"range": [
					10,
					10
				],
				"on_tick": {
					"event": "on_tick",
					"target": "self"
				}
			},
			"minecraft:geometry": "geometry.stars_3",
			"minecraft:entity_collision": {
				"origin": [
					0,
					0,
					0
				],
				"size": [
					0,
					0,
					0
				]
			},
			"minecraft:pick_collision": {
				"origin": [
					-5,
					0,
					-5
				],
				"size": [
					10,
					16,
					10
				]
			},
			"minecraft:creative_category": {
				"category": "construction",
				"group": "itemGroup.name.construction"
			},
			"minecraft:on_interact": {
				"event": "rider"
			}
		},
		"events": {
			"fb:destroy": {
				"sequence": [
					{
						"run_command": {
							"target": "self",
							"command": [
								""
							]
						}
					}
				]
			},
			"fb:block_placed": {
				"sequence": [
					{
						"set_block_property": {
							"fb:block_rotation": "q.cardinal_facing_2d"
						}
					},
					{
						"set_block_property": {
							"fb:box": 0
						}
					}
				]
			},
			"fb:var_1": {
				"sequence": [
					{
						"condition": "q.get_equipped_item_name=='stars'",
						"trigger": {
							"event": "fb:box_2",
							"target": "self"
						}
					},
					{
						"condition": "q.is_sneaking",
						"trigger": {
							"event": "fb:box_4",
							"target": "self"
						}
					}
				]
			},
			"fb:var_2": {
				"sequence": [
					{
						"condition": "q.get_equipped_item_name=='stars'",
						"trigger": {
							"event": "fb:box_3",
							"target": "self"
						}
					},
					{
						"condition": "q.is_sneaking",
						"trigger": {
							"event": "fb:box_4",
							"target": "self"
						}
					}
				]
			},
			"fb:var_3": {
				"sequence": [
					{
						"condition": "q.get_equipped_item_name=='stars'",
						"trigger": {
							"event": "fb:box_1",
							"target": "self"
						}
					},
					{
						"condition": "q.is_sneaking",
						"trigger": {
							"event": "fb:box_4",
							"target": "self"
						}
					}
				]
			},
			"fb:var_4": {
				"sequence": [
					{
						"condition": "q.get_equipped_item_name=='stars'",
						"trigger": {
							"event": "fb:box_5",
							"target": "self"
						}
					},
					{
						"condition": "q.is_sneaking",
						"trigger": {
							"event": "fb:box_7",
							"target": "self"
						}
					}
				]
			},
			"fb:var_5": {
				"sequence": [
					{
						"condition": "q.get_equipped_item_name=='stars'",
						"trigger": {
							"event": "fb:box_6",
							"target": "self"
						}
					},
					{
						"condition": "q.is_sneaking",
						"trigger": {
							"event": "fb:box_1",
							"target": "self"
						}
					}
				]
			},
			"fb:var_6": {
				"sequence": [
					{
						"condition": "q.get_equipped_item_name=='stars'",
						"trigger": {
							"event": "fb:box_4",
							"target": "self"
						}
					},
					{
						"condition": "q.is_sneaking",
						"trigger": {
							"event": "fb:box_7",
							"target": "self"
						}
					}
				]
			},
			"fb:var_7": {
				"sequence": [
					{
						"condition": "q.get_equipped_item_name=='stars'",
						"trigger": {
							"event": "fb:box_8",
							"target": "self"
						}
					},
					{
						"condition": "q.is_sneaking",
						"trigger": {
							"event": "fb:box_1",
							"target": "self"
						}
					}
				]
			},
			"fb:var_8": {
				"sequence": [
					{
						"condition": "q.get_equipped_item_name=='stars'",
						"trigger": {
							"event": "fb:box_9",
							"target": "self"
						}
					},
					{
						"condition": "q.is_sneaking",
						"trigger": {
							"event": "fb:box_1",
							"target": "self"
						}
					}
				]
			},
			"fb:var_9": {
				"sequence": [
					{
						"condition": "q.get_equipped_item_name=='stars'",
						"trigger": {
							"event": "fb:box_7",
							"target": "self"
						}
					},
					{
						"condition": "q.is_sneaking",
						"trigger": {
							"event": "fb:box_1",
							"target": "self"
						}
					}
				]
			},
			"fb:var_10": {
				"sequence": [
					{
						"condition": "q.get_equipped_item_name=='brush'",
						"trigger": {
							"event": "fb:box_11",
							"target": "self"
						}
					},
					{
						"condition": "q.get_equipped_item_name=='white_dye'",
						"trigger": {
							"event": "fb:box_2",
							"target": "self"
						}
					},
					{
						"condition": "q.is_sneaking",
						"trigger": {
							"event": "fb:box_1",
							"target": "self"
						}
					},
					{
						"condition": "!q.is_sneaking",
						"trigger": {
							"event": "rider",
							"target": "self"
						}
					}
				]
			},
			"fb:var_11": {
				"sequence": [
					{
						"condition": "q.get_equipped_item_name=='brush'",
						"trigger": {
							"event": "fb:box_12",
							"target": "self"
						}
					},
					{
						"condition": "q.get_equipped_item_name=='white_dye'",
						"trigger": {
							"event": "fb:box_2",
							"target": "self"
						}
					},
					{
						"condition": "q.is_sneaking",
						"trigger": {
							"event": "fb:box_1",
							"target": "self"
						}
					},
					{
						"condition": "!q.is_sneaking",
						"trigger": {
							"event": "rider",
							"target": "self"
						}
					}
				]
			},
			"fb:var_12": {
				"sequence": [
					{
						"condition": "q.get_equipped_item_name=='brush'",
						"trigger": {
							"event": "fb:box_13",
							"target": "self"
						}
					},
					{
						"condition": "q.get_equipped_item_name=='white_dye'",
						"trigger": {
							"event": "fb:box_2",
							"target": "self"
						}
					},
					{
						"condition": "q.is_sneaking",
						"trigger": {
							"event": "fb:box_1",
							"target": "self"
						}
					},
					{
						"condition": "!q.is_sneaking",
						"trigger": {
							"event": "rider",
							"target": "self"
						}
					}
				]
			},
			"fb:var_13": {
				"sequence": [
					{
						"condition": "q.get_equipped_item_name=='brush'",
						"trigger": {
							"event": "fb:box_14",
							"target": "self"
						}
					},
					{
						"condition": "q.get_equipped_item_name=='white_dye'",
						"trigger": {
							"event": "fb:box_2",
							"target": "self"
						}
					},
					{
						"condition": "q.is_sneaking",
						"trigger": {
							"event": "fb:box_1",
							"target": "self"
						}
					},
					{
						"condition": "!q.is_sneaking",
						"trigger": {
							"event": "rider",
							"target": "self"
						}
					}
				]
			},
			"fb:var_14": {
				"sequence": [
					{
						"condition": "q.get_equipped_item_name=='brush'",
						"trigger": {
							"event": "fb:box_15",
							"target": "self"
						}
					},
					{
						"condition": "q.get_equipped_item_name=='white_dye'",
						"trigger": {
							"event": "fb:box_2",
							"target": "self"
						}
					},
					{
						"condition": "q.is_sneaking",
						"trigger": {
							"event": "fb:box_1",
							"target": "self"
						}
					},
					{
						"condition": "!q.is_sneaking",
						"trigger": {
							"event": "rider",
							"target": "self"
						}
					}
				]
			},
			"fb:var_15": {
				"sequence": [
					{
						"condition": "q.get_equipped_item_name=='brush'",
						"trigger": {
							"event": "fb:box_16",
							"target": "self"
						}
					},
					{
						"condition": "q.get_equipped_item_name=='white_dye'",
						"trigger": {
							"event": "fb:box_2",
							"target": "self"
						}
					},
					{
						"condition": "q.is_sneaking",
						"trigger": {
							"event": "fb:box_1",
							"target": "self"
						}
					},
					{
						"condition": "!q.is_sneaking",
						"trigger": {
							"event": "rider",
							"target": "self"
						}
					}
				]
			},
			"fb:var_16": {
				"sequence": [
					{
						"condition": "q.get_equipped_item_name=='white_dye'",
						"trigger": {
							"event": "fb:box_2",
							"target": "self"
						}
					},
					{
						"condition": "q.is_sneaking",
						"trigger": {
							"event": "fb:box_1",
							"target": "self"
						}
					},
					{
						"condition": "!q.is_sneaking",
						"trigger": {
							"event": "rider",
							"target": "self"
						}
					}
				]
			},
			"fb:box_1": {
				"sequence": [
					{
						"set_block_property": {
							"fb:box": 0
						}
					},
					{
						"run_command": {
							"target": "self",
							"command": [
								"gamerule sendcommandfeedback false",
								"playsound dig.cloth @a[r=5] ~~~ 5",
								"particle ef:clothparticles ~ ~ ~"
							]
						}
					},
					{
						"run_command": {
							"target": "other",
							"command": [
								"give @s ef:red_cushion 1"
							]
						}
					}
				]
			},
			"fb:box_2": {
				"sequence": [
					{
						"set_block_property": {
							"fb:box": 1
						}
					},
					{
						"run_command": {
							"target": "self",
							"command": [
								"gamerule sendcommandfeedback false",
								"playsound jump.cloth @a[r=5] ~~~ 5",
								"particle ef:clothparticles ~ ~0 ~"
							]
						}
					},
					{
						"run_command": {
							"target": "other",
							"command": [
								"clear @s ef:red_cushion 0 1",
								"clear @s white_dye 0 1"
							]
						}
					}
				]
			},
			"fb:box_3": {
				"sequence": [
					{
						"set_block_property": {
							"fb:box": 2
						}
					},
					{
						"run_command": {
							"target": "self",
							"command": [
								"gamerule sendcommandfeedback false",
								"playsound jump.cloth @a[r=5] ~~~ 5",
								"particle ef:clothparticles ~ ~0 ~"
							]
						}
					},
					{
						"run_command": {
							"target": "other",
							"command": [
								""
							]
						}
					}
				]
			},
			"fb:box_4": {
				"sequence": [
					{
						"set_block_property": {
							"fb:box": 3
						}
					},
					{
						"run_command": {
							"target": "self",
							"command": [
								"gamerule sendcommandfeedback false",
								"playsound jump.cloth @a[r=5] ~~~ 5",
								"particle ef:clothparticles ~ ~0 ~"
							]
						}
					},
					{
						"run_command": {
							"target": "other",
							"command": [
								""
							]
						}
					}
				]
			},
			"fb:box_5": {
				"sequence": [
					{
						"set_block_property": {
							"fb:box": 4
						}
					},
					{
						"run_command": {
							"target": "self",
							"command": [
								"gamerule sendcommandfeedback false",
								"playsound jump.cloth @a[r=5] ~~~ 5",
								"particle ef:clothparticles ~ ~0 ~"
							]
						}
					},
					{
						"run_command": {
							"target": "other",
							"command": [
								""
							]
						}
					}
				]
			},
			"fb:box_6": {
				"sequence": [
					{
						"set_block_property": {
							"fb:box": 5
						}
					},
					{
						"run_command": {
							"target": "self",
							"command": [
								"gamerule sendcommandfeedback false",
								"playsound jump.cloth @a[r=5] ~~~ 5",
								"particle ef:clothparticles ~ ~0 ~"
							]
						}
					},
					{
						"run_command": {
							"target": "other",
							"command": [
								""
							]
						}
					}
				]
			},
			"fb:box_7": {
				"sequence": [
					{
						"set_block_property": {
							"fb:box": 6
						}
					},
					{
						"run_command": {
							"target": "self",
							"command": [
								"gamerule sendcommandfeedback false",
								"playsound jump.cloth @a[r=5] ~~~ 5",
								"particle ef:clothparticles ~ ~0 ~"
							]
						}
					},
					{
						"run_command": {
							"target": "other",
							"command": [
								""
							]
						}
					}
				]
			},
			"fb:box_8": {
				"sequence": [
					{
						"set_block_property": {
							"fb:box": 7
						}
					},
					{
						"run_command": {
							"target": "self",
							"command": [
								"gamerule sendcommandfeedback false",
								"playsound jump.cloth @a[r=5] ~~~ 5",
								"particle ef:clothparticles ~ ~0 ~"
							]
						}
					},
					{
						"run_command": {
							"target": "other",
							"command": [
								""
							]
						}
					}
				]
			},
			"fb:box_9": {
				"sequence": [
					{
						"set_block_property": {
							"fb:box": 8
						}
					},
					{
						"run_command": {
							"target": "self",
							"command": [
								"gamerule sendcommandfeedback false",
								"playsound jump.cloth @a[r=5] ~~~ 5",
								"particle ef:clothparticles ~ ~0 ~"
							]
						}
					},
					{
						"run_command": {
							"target": "other",
							"command": [
								""
							]
						}
					}
				]
			},
			"fb:box_10": {
				"sequence": [
					{
						"set_block_property": {
							"fb:box": 9
						}
					},
					{
						"run_command": {
							"target": "self",
							"command": [
								"gamerule sendcommandfeedback false",
								"playsound jump.cloth @a[r=5] ~~~ 5",
								""
							]
						}
					},
					{
						"run_command": {
							"target": "other",
							"command": [
								""
							]
						}
					}
				]
			},
			"fb:box_11": {
				"sequence": [
					{
						"set_block_property": {
							"fb:box": 10
						}
					},
					{
						"run_command": {
							"target": "self",
							"command": [
								"gamerule sendcommandfeedback false",
								"playsound jump.cloth @a[r=5] ~~~ 5",
								"particle ef:clothparticles ~ ~0 ~"
							]
						}
					},
					{
						"run_command": {
							"target": "other",
							"command": [
								""
							]
						}
					}
				]
			},
			"fb:box_12": {
				"sequence": [
					{
						"set_block_property": {
							"fb:box": 11
						}
					},
					{
						"run_command": {
							"target": "self",
							"command": [
								"gamerule sendcommandfeedback false",
								"playsound jump.cloth @a[r=5] ~~~ 5",
								"particle ef:clothparticles ~ ~0 ~"
							]
						}
					},
					{
						"run_command": {
							"target": "other",
							"command": [
								""
							]
						}
					}
				]
			},
			"fb:box_13": {
				"sequence": [
					{
						"set_block_property": {
							"fb:box": 12
						}
					},
					{
						"run_command": {
							"target": "self",
							"command": [
								"gamerule sendcommandfeedback false",
								"playsound jump.cloth @a[r=5] ~~~ 5",
								"particle ef:clothparticles ~ ~0 ~"
							]
						}
					},
					{
						"run_command": {
							"target": "other",
							"command": [
								""
							]
						}
					}
				]
			},
			"fb:box_14": {
				"sequence": [
					{
						"set_block_property": {
							"fb:box": 13
						}
					},
					{
						"run_command": {
							"target": "self",
							"command": [
								"gamerule sendcommandfeedback false",
								"playsound jump.cloth @a[r=5] ~~~ 5",
								"particle ef:clothparticles ~ ~0 ~"
							]
						}
					},
					{
						"run_command": {
							"target": "other",
							"command": [
								""
							]
						}
					}
				]
			},
			"fb:box_15": {
				"sequence": [
					{
						"set_block_property": {
							"fb:box": 14
						}
					},
					{
						"run_command": {
							"target": "self",
							"command": [
								"gamerule sendcommandfeedback false",
								"playsound jump.cloth @a[r=5] ~~~ 5",
								"particle ef:clothparticles ~ ~0 ~"
							]
						}
					},
					{
						"run_command": {
							"target": "other",
							"command": [
								""
							]
						}
					}
				]
			},
			"fb:box_16": {
				"sequence": [
					{
						"set_block_property": {
							"fb:box": 15
						}
					},
					{
						"run_command": {
							"target": "self",
							"command": [
								"gamerule sendcommandfeedback false",
								"playsound jump.cloth @a[r=5] ~~~ 5",
								"particle ef:clothparticles ~ ~0 ~"
							]
						}
					},
					{
						"run_command": {
							"target": "other",
							"command": [
								""
							]
						}
					}
				]
			},
			"fb:box_17": {
				"sequence": [
					{
						"set_block_property": {
							"fb:box": 16
						}
					},
					{
						"run_command": {
							"target": "self",
							"command": [
								"gamerule sendcommandfeedback false",
								"playsound jump.cloth @a[r=5] ~~~ 5",
								"particle ef:clothparticles ~ ~0 ~"
							]
						}
					},
					{
						"run_command": {
							"target": "other",
							"command": [
								""
							]
						}
					}
				]
			},
			"remove:block": {},
			"step:on": {},
			"step:off": {},
			"on_tick": {},
			"random:tick": {},
			"fall:on": {},
			"rider": {
				"sequence": [
					{
						"run_command": {
							"command": [
								"summon fb:sit ~ ~ ~",
								"execute @e[type=fb:sit,c=1,r=2] ~~~ tp @s ~~~ facing @p"
							]
						},
						"trigger": {
							"event": "set_rider"
						}
					}
				]
			},
			"set_rider": {
				"run_command": {
					"command": [
						"ride @s start_riding @e [type=fb:sit,c=1,r=2] teleport_rider"
					],
					"target": "other"
				}
			}
		},
		"permutations": [
			{
				"condition": "q.block_property('fb:block_rotation') == 2",
				"components": {
					"minecraft:rotation": [
						0,
						180,
						0
					]
				}
			},
			{
				"condition": "q.block_property('fb:block_rotation') == 3",
				"components": {
					"minecraft:rotation": [
						0,
						0,
						0
					]
				}
			},
			{
				"condition": "q.block_property('fb:block_rotation') == 4",
				"components": {
					"minecraft:rotation": [
						0,
						-90,
						0
					]
				}
			},
			{
				"condition": "q.block_property('fb:block_rotation') == 5",
				"components": {
					"minecraft:rotation": [
						0,
						90,
						0
					]
				}
			},
			{
				"condition": "q.block_property('fb:box') == 0",
				"components": {
					"minecraft:material_instances": {
						"*": {
							"texture": "stars1",
							"render_method": "alpha_test"
						}
					},
					"minecraft:on_interact": {
						"event": "fb:var_1"
					},
					"minecraft:on_player_destroyed": {
						"event": "fb:destroy"
					}
				}
			},
			{
				"condition": "q.block_property('fb:box') == 1",
				"components": {
					"minecraft:material_instances": {
						"*": {
							"texture": "stars1_2",
							"render_method": "alpha_test"
						}
					},
					"minecraft:on_interact": {
						"event": "fb:var_2"
					},
					"minecraft:on_player_destroyed": {
						"event": "fb:destroy"
					}
				}
			},
			{
				"condition": "q.block_property('fb:box') == 2",
				"components": {
					"minecraft:material_instances": {
						"*": {
							"texture": "stars1_3",
							"render_method": "alpha_test"
						}
					},
					"minecraft:on_interact": {
						"event": "fb:var_3"
					},
					"minecraft:on_player_destroyed": {
						"event": "fb:destroy"
					}
				}
			},
			{
				"condition": "q.block_property('fb:box') == 3",
				"components": {
					"minecraft:material_instances": {
						"*": {
							"texture": "stars2",
							"render_method": "alpha_test"
						}
					},
					"minecraft:on_interact": {
						"event": "fb:var_4"
					},
					"minecraft:on_player_destroyed": {
						"event": "fb:destroy"
					}
				}
			},
			{
				"condition": "q.block_property('fb:box') == 4",
				"components": {
					"minecraft:material_instances": {
						"*": {
							"texture": "stars2_2",
							"render_method": "alpha_test"
						}
					},
					"minecraft:on_interact": {
						"event": "fb:var_5"
					},
					"minecraft:on_player_destroyed": {
						"event": "fb:destroy"
					}
				}
			},
			{
				"condition": "q.block_property('fb:box') == 5",
				"components": {
					"minecraft:material_instances": {
						"*": {
							"texture": "stars2_3",
							"render_method": "alpha_test"
						}
					},
					"minecraft:on_interact": {
						"event": "fb:var_6"
					},
					"minecraft:on_player_destroyed": {
						"event": "fb:destroy"
					}
				}
			},
			{
				"condition": "q.block_property('fb:box') == 6",
				"components": {
					"minecraft:material_instances": {
						"*": {
							"texture": "stars3",
							"render_method": "alpha_test"
						}
					},
					"minecraft:on_interact": {
						"event": "fb:var_7"
					},
					"minecraft:on_player_destroyed": {
						"event": "fb:destroy"
					}
				}
			},
			{
				"condition": "q.block_property('fb:box') == 7",
				"components": {
					"minecraft:material_instances": {
						"*": {
							"texture": "stars3_2",
							"render_method": "alpha_test"
						}
					},
					"minecraft:on_interact": {
						"event": "fb:var_8"
					},
					"minecraft:on_player_destroyed": {
						"event": "fb:destroy"
					}
				}
			},
			{
				"condition": "q.block_property('fb:box') == 8",
				"components": {
					"minecraft:material_instances": {
						"*": {
							"texture": "stars3_3",
							"render_method": "alpha_test"
						}
					},
					"minecraft:on_interact": {
						"event": "fb:var_9"
					},
					"minecraft:on_player_destroyed": {
						"event": "fb:destroy"
					}
				}
			}
		]
	}
}