{
	"format_version": "1.16.100",
	"minecraft:item": {
		"description": {
			"identifier": "fb:changer_tool_item",
			"category": "equipment"
		},
		"components": {
			"minecraft:display_name": {
				"value": "item.fb_changer_tool_item.name"
			},
			"minecraft:icon": {
				"texture": "fb_item"
			},
			"minecraft:creative_category": {
				"parent": "equipment"
			},
			"minecraft:allow_off_hand": true,
			"minecraft:hand_equipped": true,
			"minecraft:stacked_by_data": false,
			"minecraft:max_stack_size": 1,
			"minecraft:durability": {
				"max_durability": 3
			},
			"minecraft:on_use": {
				"on_use": {
					"event": "switch_mode"
				}
			},
			"minecraft:on_use_on": {
				"on_use_on": {
					"event": "e:cycle_changer",
					"target": "block"
				}
			}
		},
		"events": {
			"switch_mode": {
				"sequence": [
					{
						"run_command": {
							"command": [
								"playanimation @p[r=2] animation.humanoid.change_tool_use"
							],
							"target": "holder"
						},
						"damage": {
							"type": "durability",
							"amount": 1,
							"target": "self"
						},
						"condition": "query.remaining_durability!=0"
					},
					{
						"run_command": {
							"command": [
								"replaceitem entity @s slot.weapon.mainhand 0 fb:changer_tool_item"
							],
							"target": "holder"
						},
						"condition": "query.remaining_durability==0"
					}
				]
			}
		}
	}
}