{
	"format_version": "1.16.100",
	"minecraft:item": {
		"description": {
			"identifier": "fb:cupcake",
			"category": "construction"
		},
		"components": {
			"minecraft:hand_equipped": false,
			"minecraft:stacked_by_data": true,
			"minecraft:max_stack_size": 64,
			"minecraft:icon": {
				"texture": "cupcake"
			},
			"minecraft:creative_category": {
				"parent": "itemGroup.name.items"
			},
			"minecraft:display_name": {
				"value": "item.fb_cupcake.name"
			},
			"minecraft:block_placer": {
				"block": "fb:cupcake_block"
			}
		},
		"events": {}
	}
}