{
	"format_version": "1.16.100",
	"minecraft:item": {
		"description": {
			"identifier": "fb:faz_coin_item",
			"category": "construction"
		},
		"components": {
			"minecraft:hand_equipped": false,
			"minecraft:stacked_by_data": true,
			"minecraft:max_stack_size": 64,
			"minecraft:icon": {
				"texture": "faz_coin"
			},
			"minecraft:creative_category": {
				"parent": "itemGroup.name.items"
			},
			"minecraft:display_name": {
				"value": "item.fb_faz_coin_item.name"
			},
			"minecraft:on_use_on": {
				"on_use_on": {
					"event": "e:add.coins",
					"target": "block"
				}
			},
			"minecraft:block_placer": {
				"block": "fb:faz_coin"
			}
		},
		"events": {}
	}
}