{
	"format_version": "1.16.100",
	"minecraft:item": {
		"description": {
			"identifier": "fb:pizza_slice_item",
			"category": "equipment"
		},
		"components": {
			"minecraft:use_duration": 1,
			"minecraft:hand_equipped": false,
			"minecraft:stacked_by_data": true,
			"minecraft:max_stack_size": 64,
			"minecraft:icon": {
				"texture": "pizza_slice"
			},
			"minecraft:creative_category": {
				"parent": "equipment"
			},
			"minecraft:food": {
				"nutrition": 4,
				"saturation_modifier": "low"
			},
			"minecraft:use_animation": "eat",
			"minecraft:render_offsets": "apple",
			"minecraft:display_name": {
				"value": "item.fb_pizza_slice_item.name"
			},
			"minecraft:block_placer": {
				"block": "fb:pizza_slice"
			}
		},
		"events": {}
	}
}