{
	"format_version": "1.13.0",
	"minecraft:entity": {
		"description": {
			"identifier": "fb:only_door",
			"runtime_identifier": "minecraft:armor_stand",
			"is_spawnable": true,
			"is_summonable": true,
			"is_experimental": false,
			"scripts": {
				"animate": [
					"bridge_execute_commands"
				]
			},
			"animations": {
				"bridge_execute_commands": "controller.animation.doors.execute_commands"
			}
		},
		"component_groups": {
			"bridge:execute_command_id_1": {
				"minecraft:skin_id": {
					"value": 1
				}
			},
			"bridge:execute_no_command": {
				"minecraft:skin_id": {
					"value": 0
				}
			},
			"bridge:execute_command_id_2": {
				"minecraft:skin_id": {
					"value": 2
				}
			},
			"bridge:execute_command_id_3": {
				"minecraft:skin_id": {
					"value": 3
				}
			}
		},
		"components": {
			"minecraft:type_family": {
				"family": [
					"armor_stand",
					"inanimate",
					"mob"
				]
			},
			"minecraft:item_controllable": {
				"control_items": [
					"fb:rotate"
				]
			},
			"minecraft:collision_box": {
				"width": 0.5,
				"height": 1.975
			},
			"minecraft:health": {
				"value": 6,
				"max": 6
			},
			"minecraft:interact": {
				"interactions": [
					{
						"on_interact": {
							"filters": {
								"all_of": [
									{
										"test": "is_family",
										"subject": "other",
										"value": "player"
									},
									{
										"test": "has_equipment",
										"domain": "hand",
										"subject": "other",
										"value": "fb:rotate"
									}
								]
							},
							"event": "rotate"
						},
						"use_item": false,
						"interact_text": "action.interact.rotate"
					}
				]
			},
			"minecraft:hurt_on_condition": {
				"damage_conditions": [
					{
						"filters": {
							"test": "in_lava",
							"subject": "self",
							"operator": "==",
							"value": true
						},
						"cause": "lava",
						"damage_per_tick": 4
					}
				]
			},
			"minecraft:loot": {
				"table": "loot_tables/empty.json"
			},
			"minecraft:nameable": {},
			"minecraft:persistent": {},
			"minecraft:physics": {},
			"minecraft:pushable": {
				"is_pushable": false,
				"is_pushable_by_piston": false
			}
		},
		"events": {
			"minecraft:entity_spawned": {
				"add": {
					"component_groups": [
						"bridge:execute_command_id_1"
					]
				}
			},
			"rotate": {
				"add": {
					"component_groups": [
						"bridge:execute_command_id_2"
					]
				}
			},
			"bridge:remove_command_id_1": {
				"add": {
					"component_groups": [
						"bridge:execute_no_command"
					]
				},
				"remove": {
					"component_groups": [
						"bridge:execute_command_id_1"
					]
				}
			},
			"bridge:remove_command_id_2": {
				"add": {
					"component_groups": [
						"bridge:execute_no_command"
					]
				},
				"remove": {
					"component_groups": [
						"bridge:execute_command_id_2"
					]
				}
			},
			"bridge:remove_command_id_3": {
				"add": {
					"component_groups": [
						"bridge:execute_no_command"
					]
				},
				"remove": {
					"component_groups": [
						"bridge:execute_command_id_3"
					]
				}
			}
		}
	}
}