{
	"file_path": "C:\\Users\\chupi\\AppData\\Local\\Packages\\Microsoft.MinecraftUWP_8wekyb3d8bbwe\\LocalState\\games\\com.mojang\\development_behavior_packs\\Your Doors BP\\recipes\\black_glass_door_double.json",
	"file_type": "recipe",
	"format_version": 1,
	"file_uuid": "93451cd6_c270_4d45_983d_1272f1d37afd",
	"file_version": 6,
	"cache_content": {
		"children": [
			{
				"data": "1.17.0",
				"key": "format_version"
			},
			{
				"open": {
					"format_version": "1.17.0",
					"minecraft:recipe_shaped": {
						"description": {
							"identifier": "yd:black_glass_door_double_r"
						},
						"tags": [
							"crafting_table"
						],
						"pattern": [
							" ##",
							" ##",
							" ##"
						],
						"key": {
							"#": {
								"item": "minecraft:stained_glass",
								"data": 15
							}
						},
						"result": [
							{
								"item": "yd:black_glass_door_double"
							}
						]
					}
				},
				"key": "minecraft:recipe_shaped",
				"children": [
					{
						"open": {
							"description": {
								"identifier": "yd:black_glass_door_double_r"
							},
							"tags": [
								"crafting_table"
							],
							"pattern": [
								" ##",
								" ##",
								" ##"
							],
							"key": {
								"#": {
									"item": "minecraft:stained_glass",
									"data": 15
								}
							},
							"result": [
								{
									"item": "yd:black_glass_door_double"
								}
							]
						},
						"key": "description",
						"is_minified": true,
						"children": {
							"identifier": "yd:black_glass_door_double_r"
						}
					},
					{
						"open": {
							"description": {
								"identifier": "yd:black_glass_door_double_r"
							},
							"tags": [
								"crafting_table"
							],
							"pattern": [
								" ##",
								" ##",
								" ##"
							],
							"key": {
								"#": {
									"item": "minecraft:stained_glass",
									"data": 15
								}
							},
							"result": [
								{
									"item": "yd:black_glass_door_double"
								}
							]
						},
						"key": "tags",
						"is_minified": true,
						"children": [
							"crafting_table"
						]
					},
					{
						"open": {
							"description": {
								"identifier": "yd:black_glass_door_double_r"
							},
							"tags": [
								"crafting_table"
							],
							"pattern": [
								" ##",
								" ##",
								" ##"
							],
							"key": {
								"#": {
									"item": "minecraft:stained_glass",
									"data": 15
								}
							},
							"result": [
								{
									"item": "yd:black_glass_door_double"
								}
							]
						},
						"key": "pattern",
						"is_minified": true,
						"children": [
							" ##",
							" ##",
							" ##"
						]
					},
					{
						"open": {
							"description": {
								"identifier": "yd:black_glass_door_double_r"
							},
							"tags": [
								"crafting_table"
							],
							"pattern": [
								" ##",
								" ##",
								" ##"
							],
							"key": {
								"#": {
									"item": "minecraft:stained_glass",
									"data": 15
								}
							},
							"result": [
								{
									"item": "yd:black_glass_door_double"
								}
							]
						},
						"key": "key",
						"children": [
							{
								"open": {
									"#": {
										"item": "minecraft:stained_glass",
										"data": 15
									}
								},
								"key": "#",
								"is_minified": true,
								"children": {
									"item": "minecraft:stained_glass",
									"data": 15
								}
							}
						]
					},
					{
						"open": {
							"description": {
								"identifier": "yd:black_glass_door_double_r"
							},
							"tags": [
								"crafting_table"
							],
							"pattern": [
								" ##",
								" ##",
								" ##"
							],
							"key": {
								"#": {
									"item": "minecraft:stained_glass",
									"data": 15
								}
							},
							"result": [
								{
									"item": "yd:black_glass_door_double"
								}
							]
						},
						"key": "result",
						"children": [
							{
								"open": [
									{
										"item": "yd:black_glass_door_double"
									}
								],
								"is_minified": true,
								"children": {
									"item": "yd:black_glass_door_double"
								}
							}
						]
					}
				]
			}
		]
	}
}