{
	"file_path": "C:\\Users\\chupi\\AppData\\Local\\Packages\\Microsoft.MinecraftUWP_8wekyb3d8bbwe\\LocalState\\games\\com.mojang\\development_behavior_packs\\Your Doors BP\\recipes\\factory_door.json",
	"file_type": "recipe",
	"format_version": 1,
	"file_uuid": "6c8a988e_c930_4ad6_b831_bd7642453b42",
	"file_version": 6,
	"cache_content": {
		"children": [
			{
				"data": "1.17.0",
				"key": "format_version"
			},
			{
				"open": {
					"format_version": "1.17.0",
					"minecraft:recipe_shaped": {
						"description": {
							"identifier": "yd:factory_door_r"
						},
						"tags": [
							"crafting_table"
						],
						"pattern": [
							"ii ",
							"## ",
							"ii "
						],
						"key": {
							"#": {
								"item": "minecraft:redstone"
							},
							"i": {
								"item": "minecraft:iron_ingot"
							}
						},
						"result": [
							{
								"item": "yd:factory_door"
							}
						]
					}
				},
				"key": "minecraft:recipe_shaped",
				"children": [
					{
						"open": {
							"description": {
								"identifier": "yd:factory_door_r"
							},
							"tags": [
								"crafting_table"
							],
							"pattern": [
								"ii ",
								"## ",
								"ii "
							],
							"key": {
								"#": {
									"item": "minecraft:redstone"
								},
								"i": {
									"item": "minecraft:iron_ingot"
								}
							},
							"result": [
								{
									"item": "yd:factory_door"
								}
							]
						},
						"key": "description",
						"is_minified": true,
						"children": {
							"identifier": "yd:factory_door_r"
						}
					},
					{
						"open": {
							"description": {
								"identifier": "yd:factory_door_r"
							},
							"tags": [
								"crafting_table"
							],
							"pattern": [
								"ii ",
								"## ",
								"ii "
							],
							"key": {
								"#": {
									"item": "minecraft:redstone"
								},
								"i": {
									"item": "minecraft:iron_ingot"
								}
							},
							"result": [
								{
									"item": "yd:factory_door"
								}
							]
						},
						"key": "tags",
						"is_minified": true,
						"children": [
							"crafting_table"
						]
					},
					{
						"open": {
							"description": {
								"identifier": "yd:factory_door_r"
							},
							"tags": [
								"crafting_table"
							],
							"pattern": [
								"ii ",
								"## ",
								"ii "
							],
							"key": {
								"#": {
									"item": "minecraft:redstone"
								},
								"i": {
									"item": "minecraft:iron_ingot"
								}
							},
							"result": [
								{
									"item": "yd:factory_door"
								}
							]
						},
						"key": "pattern",
						"is_minified": true,
						"children": [
							"ii ",
							"## ",
							"ii "
						]
					},
					{
						"open": {
							"description": {
								"identifier": "yd:factory_door_r"
							},
							"tags": [
								"crafting_table"
							],
							"pattern": [
								"ii ",
								"## ",
								"ii "
							],
							"key": {
								"#": {
									"item": "minecraft:redstone"
								},
								"i": {
									"item": "minecraft:iron_ingot"
								}
							},
							"result": [
								{
									"item": "yd:factory_door"
								}
							]
						},
						"key": "key",
						"children": [
							{
								"open": {
									"#": {
										"item": "minecraft:redstone"
									},
									"i": {
										"item": "minecraft:iron_ingot"
									}
								},
								"key": "#",
								"is_minified": true,
								"children": {
									"item": "minecraft:redstone"
								}
							},
							{
								"open": {
									"#": {
										"item": "minecraft:redstone"
									},
									"i": {
										"item": "minecraft:iron_ingot"
									}
								},
								"key": "i",
								"is_minified": true,
								"children": {
									"item": "minecraft:iron_ingot"
								}
							}
						]
					},
					{
						"open": {
							"description": {
								"identifier": "yd:factory_door_r"
							},
							"tags": [
								"crafting_table"
							],
							"pattern": [
								"ii ",
								"## ",
								"ii "
							],
							"key": {
								"#": {
									"item": "minecraft:redstone"
								},
								"i": {
									"item": "minecraft:iron_ingot"
								}
							},
							"result": [
								{
									"item": "yd:factory_door"
								}
							]
						},
						"key": "result",
						"children": [
							{
								"open": [
									{
										"item": "yd:factory_door"
									}
								],
								"is_minified": true,
								"children": {
									"item": "yd:factory_door"
								}
							}
						]
					}
				]
			}
		]
	}
}