{
	"file_path": "C:\\Users\\chupi\\AppData\\Local\\Packages\\Microsoft.MinecraftUWP_8wekyb3d8bbwe\\LocalState\\games\\com.mojang\\development_behavior_packs\\Your Doors BP\\recipes\\shoji_door_painting.json",
	"file_type": "recipe",
	"format_version": 1,
	"file_uuid": "e8f862bd_feca_401c_a7ed_b6a76ad0a11f",
	"file_version": 9,
	"cache_content": {
		"children": [
			{
				"data": "1.17.0",
				"key": "format_version"
			},
			{
				"open": {
					"format_version": "1.17.0",
					"minecraft:recipe_shaped": {
						"description": {
							"identifier": "yd:shoji_door_p_r"
						},
						"tags": [
							"crafting_table"
						],
						"pattern": [
							"ii ",
							"#B ",
							"ii "
						],
						"key": {
							"#": {
								"item": "minecraft:paper"
							},
							"i": {
								"item": "minecraft:planks"
							},
							"B": {
								"item": "minecraft:red_flower"
							}
						},
						"result": [
							{
								"item": "yd:shoji_door_painting"
							}
						]
					}
				},
				"key": "minecraft:recipe_shaped",
				"children": [
					{
						"open": {
							"description": {
								"identifier": "yd:shoji_door_p_r"
							},
							"tags": [
								"crafting_table"
							],
							"pattern": [
								"ii ",
								"#B ",
								"ii "
							],
							"key": {
								"#": {
									"item": "minecraft:paper"
								},
								"i": {
									"item": "minecraft:planks"
								},
								"B": {
									"item": "minecraft:red_flower"
								}
							},
							"result": [
								{
									"item": "yd:shoji_door_painting"
								}
							]
						},
						"key": "description",
						"is_minified": true,
						"children": {
							"identifier": "yd:shoji_door_p_r"
						}
					},
					{
						"open": {
							"description": {
								"identifier": "yd:shoji_door_p_r"
							},
							"tags": [
								"crafting_table"
							],
							"pattern": [
								"ii ",
								"#B ",
								"ii "
							],
							"key": {
								"#": {
									"item": "minecraft:paper"
								},
								"i": {
									"item": "minecraft:planks"
								},
								"B": {
									"item": "minecraft:red_flower"
								}
							},
							"result": [
								{
									"item": "yd:shoji_door_painting"
								}
							]
						},
						"key": "tags",
						"is_minified": true,
						"children": [
							"crafting_table"
						]
					},
					{
						"open": {
							"description": {
								"identifier": "yd:shoji_door_p_r"
							},
							"tags": [
								"crafting_table"
							],
							"pattern": [
								"ii ",
								"#B ",
								"ii "
							],
							"key": {
								"#": {
									"item": "minecraft:paper"
								},
								"i": {
									"item": "minecraft:planks"
								},
								"B": {
									"item": "minecraft:red_flower"
								}
							},
							"result": [
								{
									"item": "yd:shoji_door_painting"
								}
							]
						},
						"key": "pattern",
						"is_minified": true,
						"children": [
							"ii ",
							"#B ",
							"ii "
						]
					},
					{
						"open": {
							"description": {
								"identifier": "yd:shoji_door_p_r"
							},
							"tags": [
								"crafting_table"
							],
							"pattern": [
								"ii ",
								"#B ",
								"ii "
							],
							"key": {
								"#": {
									"item": "minecraft:paper"
								},
								"i": {
									"item": "minecraft:planks"
								},
								"B": {
									"item": "minecraft:red_flower"
								}
							},
							"result": [
								{
									"item": "yd:shoji_door_painting"
								}
							]
						},
						"key": "key",
						"children": [
							{
								"open": {
									"#": {
										"item": "minecraft:paper"
									},
									"i": {
										"item": "minecraft:planks"
									},
									"B": {
										"item": "minecraft:red_flower"
									}
								},
								"key": "#",
								"is_minified": true,
								"children": {
									"item": "minecraft:paper"
								}
							},
							{
								"open": {
									"#": {
										"item": "minecraft:paper"
									},
									"i": {
										"item": "minecraft:planks"
									},
									"B": {
										"item": "minecraft:red_flower"
									}
								},
								"key": "i",
								"is_minified": true,
								"children": {
									"item": "minecraft:planks"
								}
							},
							{
								"open": {
									"#": {
										"item": "minecraft:paper"
									},
									"i": {
										"item": "minecraft:planks"
									},
									"B": {
										"item": "minecraft:red_flower"
									}
								},
								"key": "B",
								"is_minified": true,
								"children": {
									"item": "minecraft:red_flower"
								}
							}
						]
					},
					{
						"open": {
							"description": {
								"identifier": "yd:shoji_door_p_r"
							},
							"tags": [
								"crafting_table"
							],
							"pattern": [
								"ii ",
								"#B ",
								"ii "
							],
							"key": {
								"#": {
									"item": "minecraft:paper"
								},
								"i": {
									"item": "minecraft:planks"
								},
								"B": {
									"item": "minecraft:red_flower"
								}
							},
							"result": [
								{
									"item": "yd:shoji_door_painting"
								}
							]
						},
						"key": "result",
						"children": [
							{
								"open": [
									{
										"item": "yd:shoji_door_painting"
									}
								],
								"is_minified": true,
								"children": {
									"item": "yd:shoji_door_painting"
								}
							}
						]
					}
				]
			}
		]
	}
}