{
	"format_version": "1.16.100",
	"minecraft:block": {
		"description": {
			"identifier": "fb:pirate_cove_curtains_block",
			"properties": {
				"test:NS": [
					0,
					1,
					2,
					3
				],
				"test:EW": [
					0,
					1,
					2,
					3
				],
				"p:changer": [
					0,
					1,
					2
				]
			}
		},
		"components": {
			"minecraft:geometry": "geometry.panel_block",
			"minecraft:flammable": {
				"flame_odds": 15,
				"burn_odds": 25
			},
			"minecraft:on_placed": {
				"event": "fb:destroy"
			},
			"minecraft:material_instances": {
				"*": {
					"texture": "pirate_cove_curtain",
					"render_method": "alpha_test"
				}
			},
			"minecraft:ticking": {
				"on_tick": {
					"event": "change_state"
				},
				"looping": true,
				"range": [
					0,
					0
				]
			},
			"minecraft:part_visibility": {
				"rules": {
					"north": "query.block_property('test:NS') == 1 || query.block_property('test:NS') == 3",
					"south": "query.block_property('test:NS') == 2 || query.block_property('test:NS') == 3",
					"east": "query.block_property('test:EW') == 1 || query.block_property('test:EW') == 3",
					"west": "query.block_property('test:EW') == 2 || query.block_property('test:EW') == 3"
				}
			},
			"minecraft:unwalkable": true,
			"minecraft:destroy_time": 0.5,
			"minecraft:map_color": "#BF00FF",
			"minecraft:block_light_absorption": 1,
			"tag:fence_connect": {},
			"tag:wood": {},
			"tag:wires": {},
			"tag:wall": {}
		},
		"events": {
			"e:cycle_changer": {
				"set_block_property": {
					"p:changer": "q.block_property('p:changer')==2?0:q.block_property('p:changer')+1"
				},
				"run_command": {
					"command": [
						"playsound block.lantern.break @p ~~~",
						"particle foxes:texture ~~~"
					]
				}
			},
			"fb:destroy": {
				"sequence": [
					{
						"run_command": {
							"target": "self",
							"command": [
								""
							]
						}
					}
				]
			},
			"change_state": {
				"sequence": [
					{
						"condition": "(!q.block_neighbor_has_any_tag(0,0,-1,'fence_connect','wall','wires','wood','grass','dirt','sand','gravel'))&&(!q.block_neighbor_has_any_tag(0,0,1,'fence_connect','wall','wires','wood','grass','dirt','sand','gravel'))",
						"set_block_property": {
							"test:NS": 0
						}
					},
					{
						"condition": "(q.block_neighbor_has_any_tag(0,0,-1,'fence_connect','wall','wires','wood','grass','dirt','sand','gravel'))&&(!q.block_neighbor_has_any_tag(0,0,1,'fence_connect','wall','wires','wood','grass','dirt','sand','gravel'))",
						"set_block_property": {
							"test:NS": 1
						}
					},
					{
						"condition": "(q.block_neighbor_has_any_tag(0,0,1,'fence_connect','wall','wires','wood','grass','dirt','sand','gravel'))&&(!q.block_neighbor_has_any_tag(0,0,-1,'fence_connect','wall','wires','wood','grass','dirt','sand','gravel'))",
						"set_block_property": {
							"test:NS": 2
						}
					},
					{
						"condition": "(q.block_neighbor_has_any_tag(0,0,-1,'fence_connect','wall','wires','wood','grass','dirt','sand','gravel'))&&(q.block_neighbor_has_any_tag(0,0,1,'fence_connect','wall','wires','wood','grass','dirt','sand','gravel'))",
						"set_block_property": {
							"test:NS": 3
						}
					},
					{
						"condition": "(!q.block_neighbor_has_any_tag(1,0,0,'fence_connect','wall','wires','wood','grass','dirt','sand','gravel'))&&(!q.block_neighbor_has_any_tag(-1,0,0,'fence_connect','wall','wires','wood','grass','dirt','sand','gravel'))",
						"set_block_property": {
							"test:EW": 0
						}
					},
					{
						"condition": "(q.block_neighbor_has_any_tag(1,0,0,'fence_connect','wall','wires','wood','grass','dirt','sand','gravel'))&&(!q.block_neighbor_has_any_tag(-1,0,0,'fence_connect','wall','wires','wood','grass','dirt','sand','gravel'))",
						"set_block_property": {
							"test:EW": 1
						}
					},
					{
						"condition": "(q.block_neighbor_has_any_tag(-1,0,0,'fence_connect','wall','wires','wood','grass','dirt','sand','gravel'))&&(!q.block_neighbor_has_any_tag(1,0,0,'fence_connect','wall','wires','wood','grass','dirt','sand','gravel'))",
						"set_block_property": {
							"test:EW": 2
						}
					},
					{
						"condition": "(q.block_neighbor_has_any_tag(-1,0,0,'fence_connect','wall','wires','wood','grass','dirt','sand','gravel'))&&(q.block_neighbor_has_any_tag(1,0,0,'fence_connect','wall','wires','wood','grass','dirt','sand','gravel'))",
						"set_block_property": {
							"test:EW": 3
						}
					}
				]
			}
		},
		"permutations": [
			{
				"condition": "q.block_property('p:facing') == 0",
				"components": {
					"minecraft:rotation": [
						0,
						-180,
						0
					]
				}
			},
			{
				"condition": "q.block_property('p:facing') == 1",
				"components": {
					"minecraft:rotation": [
						0,
						-180,
						0
					]
				}
			},
			{
				"condition": "q.block_property('p:facing') == 2",
				"components": {
					"minecraft:rotation": [
						0,
						-180,
						0
					]
				}
			},
			{
				"condition": "q.block_property('p:facing') == 3",
				"components": {
					"minecraft:rotation": [
						0,
						-180,
						0
					]
				}
			},
			{
				"condition": "query.block_property('test:NS') == 0 && query.block_property('test:EW') == 0",
				"components": {
					"minecraft:entity_collision": {
						"origin": [
							-4,
							0,
							-4
						],
						"size": [
							8,
							16,
							8
						]
					},
					"minecraft:pick_collision": {
						"origin": [
							-4,
							0,
							-4
						],
						"size": [
							8,
							16,
							8
						]
					}
				}
			},
			{
				"condition": "query.block_property('test:NS') == 1",
				"components": {
					"minecraft:entity_collision": {
						"origin": [
							-3,
							0,
							-3
						],
						"size": [
							6,
							16,
							11
						]
					},
					"minecraft:pick_collision": {
						"origin": [
							-3,
							0,
							-3
						],
						"size": [
							6,
							16,
							11
						]
					}
				}
			},
			{
				"condition": "query.block_property('test:NS') == 2",
				"components": {
					"minecraft:entity_collision": {
						"origin": [
							-3,
							0,
							-8
						],
						"size": [
							6,
							16,
							11
						]
					},
					"minecraft:pick_collision": {
						"origin": [
							-3,
							0,
							-8
						],
						"size": [
							6,
							16,
							11
						]
					}
				}
			},
			{
				"condition": "query.block_property('test:NS') == 3",
				"components": {
					"minecraft:entity_collision": {
						"origin": [
							-3,
							0,
							-8
						],
						"size": [
							6,
							16,
							16
						]
					},
					"minecraft:pick_collision": {
						"origin": [
							-3,
							0,
							-8
						],
						"size": [
							6,
							16,
							16
						]
					}
				}
			},
			{
				"condition": "query.block_property('test:EW') == 1",
				"components": {
					"minecraft:entity_collision": {
						"origin": [
							-3,
							0,
							-3
						],
						"size": [
							11,
							16,
							6
						]
					},
					"minecraft:pick_collision": {
						"origin": [
							-3,
							0,
							-3
						],
						"size": [
							11,
							16,
							6
						]
					}
				}
			},
			{
				"condition": "query.block_property('test:EW') == 2",
				"components": {
					"minecraft:entity_collision": {
						"origin": [
							-8,
							0,
							-3
						],
						"size": [
							11,
							16,
							6
						]
					},
					"minecraft:pick_collision": {
						"origin": [
							-8,
							0,
							-3
						],
						"size": [
							11,
							16,
							6
						]
					}
				}
			},
			{
				"condition": "query.block_property('test:EW') == 3",
				"components": {
					"minecraft:entity_collision": {
						"origin": [
							-8,
							0,
							-3
						],
						"size": [
							16,
							16,
							6
						]
					},
					"minecraft:pick_collision": {
						"origin": [
							-8,
							0,
							-2
						],
						"size": [
							16,
							16,
							4
						]
					}
				}
			},
			{
				"condition": "query.block_property('test:NS') == 1 && query.block_property('test:EW') == 1",
				"components": {
					"minecraft:entity_collision": {
						"origin": [
							-4,
							0,
							-4
						],
						"size": [
							12,
							16,
							12
						]
					},
					"minecraft:pick_collision": {
						"origin": [
							-4,
							0,
							-4
						],
						"size": [
							12,
							16,
							12
						]
					}
				}
			},
			{
				"condition": "query.block_property('test:NS') == 1 && query.block_property('test:EW') == 2",
				"components": {
					"minecraft:entity_collision": {
						"origin": [
							-8,
							0,
							-4
						],
						"size": [
							12,
							16,
							12
						]
					},
					"minecraft:pick_collision": {
						"origin": [
							-8,
							0,
							-4
						],
						"size": [
							12,
							16,
							12
						]
					}
				}
			},
			{
				"condition": "query.block_property('test:NS') == 2 && query.block_property('test:EW') == 1",
				"components": {
					"minecraft:entity_collision": {
						"origin": [
							-4,
							0,
							-8
						],
						"size": [
							12,
							16,
							12
						]
					},
					"minecraft:pick_collision": {
						"origin": [
							-4,
							0,
							-8
						],
						"size": [
							12,
							16,
							12
						]
					}
				}
			},
			{
				"condition": "query.block_property('test:NS') == 2 && query.block_property('test:EW') == 2",
				"components": {
					"minecraft:entity_collision": {
						"origin": [
							-8,
							0,
							-8
						],
						"size": [
							12,
							16,
							12
						]
					},
					"minecraft:pick_collision": {
						"origin": [
							-8,
							0,
							-8
						],
						"size": [
							12,
							16,
							12
						]
					}
				}
			},
			{
				"condition": "query.block_property('test:NS') == 3 && query.block_property('test:EW') == 1",
				"components": {
					"minecraft:entity_collision": {
						"origin": [
							-4,
							0,
							-8
						],
						"size": [
							8,
							16,
							16
						]
					},
					"minecraft:pick_collision": {
						"origin": [
							-4,
							0,
							-8
						],
						"size": [
							8,
							16,
							16
						]
					}
				}
			},
			{
				"condition": "query.block_property('test:NS') == 3 && query.block_property('test:EW') == 2",
				"components": {
					"minecraft:entity_collision": {
						"origin": [
							-4,
							0,
							-8
						],
						"size": [
							8,
							16,
							16
						]
					},
					"minecraft:pick_collision": {
						"origin": [
							-4,
							0,
							-8
						],
						"size": [
							8,
							16,
							16
						]
					}
				}
			},
			{
				"condition": "query.block_property('test:EW') == 3 && query.block_property('test:NS') == 1",
				"components": {
					"minecraft:entity_collision": {
						"origin": [
							-8,
							0,
							-4
						],
						"size": [
							16,
							16,
							8
						]
					},
					"minecraft:pick_collision": {
						"origin": [
							-8,
							0,
							-4
						],
						"size": [
							16,
							16,
							8
						]
					}
				}
			},
			{
				"condition": "query.block_property('test:EW') == 3 && query.block_property('test:NS') == 2",
				"components": {
					"minecraft:entity_collision": {
						"origin": [
							-8,
							0,
							-4
						],
						"size": [
							16,
							16,
							8
						]
					},
					"minecraft:pick_collision": {
						"origin": [
							-8,
							0,
							-4
						],
						"size": [
							16,
							16,
							8
						]
					}
				}
			},
			{
				"condition": "query.block_property('test:EW') == 3 && query.block_property('test:NS') == 3",
				"components": {
					"minecraft:entity_collision": {
						"origin": [
							-8,
							0,
							-8
						],
						"size": [
							16,
							16,
							16
						]
					},
					"minecraft:pick_collision": {
						"origin": [
							-8,
							0,
							-8
						],
						"size": [
							16,
							16,
							16
						]
					}
				}
			},
			{
				"condition": "query.block_property('test:EW') == 3 && query.block_property('test:NS') == 3",
				"components": {
					"minecraft:entity_collision": {
						"origin": [
							-8,
							0,
							-8
						],
						"size": [
							16,
							16,
							16
						]
					},
					"minecraft:pick_collision": {
						"origin": [
							-8,
							0,
							-8
						],
						"size": [
							16,
							16,
							16
						]
					}
				}
			},
			{
				"condition": "q.block_property('p:changer') == 0",
				"components": {
					"minecraft:geometry": "geometry.panel_block",
					"minecraft:material_instances": {
						"*": {
							"texture": "pirate_cove_curtain",
							"render_method": "alpha_test",
							"geometry": "trash_1",
							"ambient_occlusion": false
						}
					}
				}
			},
			{
				"condition": "q.block_property('p:changer') == 1",
				"components": {
					"minecraft:geometry": "geometry.panel_block_2",
					"minecraft:material_instances": {
						"*": {
							"texture": "pirate_cove_curtain_2",
							"render_method": "alpha_test",
							"geometry": "trash_2",
							"ambient_occlusion": false
						}
					}
				}
			},
			{
				"condition": "q.block_property('p:changer') == 2",
				"components": {
					"minecraft:geometry": "geometry.panel_block",
					"minecraft:material_instances": {
						"*": {
							"texture": "pirate_cove_curtain_3",
							"render_method": "alpha_test",
							"geometry": "trash_3",
							"ambient_occlusion": false
						}
					}
				}
			}
		]
	}
}