{
	"format_version": "1.16.100",
	"minecraft:block": {
		"description": {
			"identifier": "fb:balloons_down"
		},
		"components": {
			"minecraft:material_instances": {
				"*": {
					"texture": "balloons3",
					"render_method": "alpha_test",
					"ambient_occlusion": false,
					"face_dimming": false
				}
			},
			"minecraft:geometry": "geometry.balloons_2",
			"minecraft:block_light_absorption": 0,
			"minecraft:block_light_emission": 0,
			"minecraft:pick_collision": {
				"origin": [
					-5,
					0,
					-5
				],
				"size": [
					10,
					16,
					10
				]
			},
			"minecraft:entity_collision": {
				"origin": [
					0,
					0,
					0
				],
				"size": [
					0,
					0,
					0
				]
			},
			"minecraft:on_placed": {
				"event": "place"
			},
			"minecraft:on_player_destroyed": {
				"event": "destroy"
			},
			"minecraft:explosion_resistance": 0.1,
			"minecraft:loot": "loot_tables/empty.json",
			"minecraft:placement_filter": {
				"conditions": [
					{
						"allowed_faces": [
							"up"
						]
					}
				]
			},
			"minecraft:breathability": "air"
		},
		"events": {
			"place": {
				"set_block_at_pos": {
					"block_type": "fb:balloons_middle",
					"block_offset": [
						0,
						1,
						0
					]
				}
			},
			"destroy": {
				"set_block_at_pos": {
					"block_type": "minecraft:air",
					"block_offset": [
						0,
						1,
						0
					]
				}
			}
		}
	}
}